,del_d18O,del_dist,del_depth,identifier
0,0.020000000000000018,867.5007334556325,946.0,"['RR9702-61T', 'RR9702A-50MC2']"
1,0.08999999999999986,832.1558322367711,495.0,"['RR9702-63T', 'RR9702A-50MC2']"
2,0.1200000000000001,4291.915233671604,352.0,"['GS7202-35', 'RR9702A-50MC2']"
3,0.04999999999999982,3811.371387753389,207.0,"['GS7202-29', 'RR9702A-50MC2']"
4,0.7799999999999998,3366.376891579065,565.0,"['GS7202-22', 'RR9702A-50MC2']"
5,0.5699999999999998,4042.5348674186384,221.0,"['RR9702A-50MC2', 'Y71-9-101']"
6,0.5699999999999998,3524.74957401302,25.0,"['GS7202-17', 'RR9702A-50MC2']"
7,0.41999999999999993,2603.1233174700583,1193.0,"['ME05A-25MC', 'RR9702A-50MC2']"
8,0.77,7502.209012721331,958.0,"['RR9702A-50MC2', 'TTN13-18PC']"
9,0.4299999999999997,3526.708228166791,165.0,"['RC13-110', 'RR9702A-50MC2']"
10,0.5699999999999998,2478.688628203981,723.0,"['RR9702A-50MC2', 'V19-29']"
11,0.48,2471.538740348066,305.0,"['RR9702A-50MC2', 'V19-30']"
12,0.56,2633.990761844173,676.0,"['RR9702A-50MC2', 'V19-28']"
13,0.3500000000000001,13670.331401215935,1227.0,"['ERDC-112', 'RR9702A-50MC2']"
14,0.09370000000000012,1019.5668040038927,933.0,"['GIK17747_2', 'RR9702A-50MC2']"
15,0.22670000000000012,1019.5668040038927,932.0,"['GIK17747_1', 'RR9702A-50MC2']"
16,0.5899999999999999,3678.174612321514,233.0,"['GIK17790_3', 'RR9702A-50MC2']"
17,0.41999999999999993,10329.156541427965,271.0,"['RR9702A-50MC2', 'SO35_2_101KL']"
18,0.69,10342.677401225345,486.0,"['RR9702A-50MC2', 'SO35_2_102KL']"
19,0.5899999999999999,4125.708342525462,72.0,"['RR9702A-50MC2', 'SO26_189KA']"
20,0.645,11123.461451054289,14.0,"['RR9702A-50MC2', 'SO35_2_272KL']"
21,0.4567000000000001,11260.826455595487,506.0,"['RR9702A-50MC2', 'SO35_2_211KL']"
22,0.0625,4093.397198929623,25.0,"['RR9702A-50MC2', 'SO12_98']"
23,0.4299999999999997,3896.0770325174444,69.0,"['RR9702A-50MC2', 'SO12_229']"
24,0.3567,2458.2263888376156,186.0,"['RR9702A-50MC2', 'TR163_31']"
25,0.4750000000000001,2537.1991310725675,15.0,"['RR9702A-50MC2', 'SO26_131KA']"
26,0.2113999999999998,2751.73738277798,933.0,"['RR9702A-50MC2', 'SO26_127KA']"
27,0.73,3212.9563244105307,28.0,"['GIK17304_1', 'RR9702A-50MC2']"
28,0.47750000000000004,3212.9563244105307,28.0,"['GIK17304_2', 'RR9702A-50MC2']"
29,0.17999999999999972,264.0409315566173,162.0,"['GeoB3388_1', 'RR9702A-50MC2']"
30,0.8183000000000002,4299.855710472468,478.0,"['RR9702A-50MC2', 'SO26_222KA']"
31,0.1499999999999999,11259.82654152289,386.0,"['RR9702A-50MC2', 'SO35_2_182KL']"
32,0.19999999999999973,3305.1871339731124,711.0,"['RR9702A-50MC2', 'SO26_141KA']"
33,0.2799999999999998,983.4108124667557,114.0,"['RR9702A-50MC2', 'h96-tk1']"
34,0.5899999999999999,878.5729844405429,930.0,"['RR9702A-50MC2', 'h96-tg3']"
35,0.5800000000000001,847.430478492054,336.0,"['RR9702A-50MC2', 'h96-tg4']"
36,0.5,847.445389399336,276.0,"['RR9702A-50MC2', 'h96-tg7']"
37,0.48,14820.069701893422,1179.0,"['GeoB17424-2', 'RR9702A-50MC2']"
38,0.06999999999999984,402.5732522540978,451.0,"['RR9702-61T', 'RR9702-63T']"
39,0.14000000000000012,3451.8758361565374,594.0,"['GS7202-35', 'RR9702-61T']"
40,0.06999999999999984,2951.245674877352,1153.0,"['GS7202-29', 'RR9702-61T']"
41,0.7999999999999998,2511.6884223338557,1511.0,"['GS7202-22', 'RR9702-61T']"
42,0.5899999999999999,3177.5115895148424,725.0,"['RR9702-61T', 'Y71-9-101']"
43,0.5899999999999999,2720.918797248417,921.0,"['GS7202-17', 'RR9702-61T']"
44,0.43999999999999995,2109.8829610055245,247.0,"['ME05A-25MC', 'RR9702-61T']"
45,0.79,6650.820797905558,1904.0,"['RR9702-61T', 'TTN13-18PC']"
46,0.44999999999999973,2766.629967615124,781.0,"['RC13-110', 'RR9702-61T']"
47,0.5899999999999999,1931.9506926392123,223.0,"['RR9702-61T', 'V19-29']"
48,0.5,1946.397966259815,641.0,"['RR9702-61T', 'V19-30']"
49,0.5800000000000001,2076.0625389534393,270.0,"['RR9702-61T', 'V19-28']"
50,0.3700000000000001,12970.348712727733,281.0,"['ERDC-112', 'RR9702-61T']"
51,0.0737000000000001,1597.6507946076051,13.0,"['GIK17747_2', 'RR9702-61T']"
52,0.24670000000000014,1597.6507946076051,14.0,"['GIK17747_1', 'RR9702-61T']"
53,0.5699999999999998,2983.2705031898745,713.0,"['GIK17790_3', 'RR9702-61T']"
54,0.43999999999999995,9714.0592077522,675.0,"['RR9702-61T', 'SO35_2_101KL']"
55,0.71,9727.583367604995,460.0,"['RR9702-61T', 'SO35_2_102KL']"
56,0.6099999999999999,3314.7427286437724,874.0,"['RR9702-61T', 'SO26_189KA']"
57,0.665,10468.993165731494,960.0,"['RR9702-61T', 'SO35_2_272KL']"
58,0.4367000000000001,10594.14684755263,440.0,"['RR9702-61T', 'SO35_2_211KL']"
59,0.04249999999999998,3229.089964711803,921.0,"['RR9702-61T', 'SO12_98']"
60,0.44999999999999973,3044.419343173021,877.0,"['RR9702-61T', 'SO12_229']"
61,0.37670000000000003,1907.5009033591202,760.0,"['RR9702-61T', 'TR163_31']"
62,0.4950000000000001,1956.558197848193,931.0,"['RR9702-61T', 'SO26_131KA']"
63,0.23139999999999983,2179.7509005252214,13.0,"['RR9702-61T', 'SO26_127KA']"
64,0.71,2548.5819689024684,974.0,"['GIK17304_1', 'RR9702-61T']"
65,0.4575,2548.5819689024684,974.0,"['GIK17304_2', 'RR9702-61T']"
66,0.19999999999999973,777.8313188949239,1108.0,"['GeoB3388_1', 'RR9702-61T']"
67,0.7983000000000002,3553.9110182846434,468.0,"['RR9702-61T', 'SO26_222KA']"
68,0.16999999999999993,10594.321247497908,560.0,"['RR9702-61T', 'SO35_2_182KL']"
69,0.21999999999999975,2449.910830214053,1657.0,"['RR9702-61T', 'SO26_141KA']"
70,0.2999999999999998,262.212988718053,1060.0,"['RR9702-61T', 'h96-tk1']"
71,0.6099999999999999,104.7175117465744,16.0,"['RR9702-61T', 'h96-tg3']"
72,0.6000000000000001,79.67156319929478,610.0,"['RR9702-61T', 'h96-tg4']"
73,0.52,539.6774530976298,670.0,"['RR9702-61T', 'h96-tg7']"
74,0.5,14187.45175750263,233.0,"['GeoB17424-2', 'RR9702-61T']"
75,0.20999999999999996,3692.8833693077127,143.0,"['GS7202-35', 'RR9702-63T']"
76,0.13999999999999968,3152.257880174779,702.0,"['GS7202-29', 'RR9702-63T']"
77,0.8699999999999997,2591.0591430370764,1060.0,"['GS7202-22', 'RR9702-63T']"
78,0.6599999999999997,3293.754480194447,274.0,"['RR9702-63T', 'Y71-9-101']"
79,0.6599999999999997,2702.5903405663216,470.0,"['GS7202-17', 'RR9702-63T']"
80,0.5099999999999998,1842.5038233700923,698.0,"['ME05A-25MC', 'RR9702-63T']"
81,0.8599999999999999,6856.967334616659,1453.0,"['RR9702-63T', 'TTN13-18PC']"
82,0.5199999999999996,2695.1081998893906,330.0,"['RC13-110', 'RR9702-63T']"
83,0.6599999999999997,1691.3037814977902,228.0,"['RR9702-63T', 'V19-29']"
84,0.5699999999999998,1693.7183428011879,190.0,"['RR9702-63T', 'V19-30']"
85,0.6499999999999999,1843.6066363542639,181.0,"['RR9702-63T', 'V19-28']"
86,0.43999999999999995,13291.129191065593,732.0,"['ERDC-112', 'RR9702-63T']"
87,0.0037000000000002586,1756.5588427568016,438.0,"['GIK17747_2', 'RR9702-63T']"
88,0.3167,1756.5588427568016,437.0,"['GIK17747_1', 'RR9702-63T']"
89,0.5,3336.113007769651,262.0,"['GIK17790_3', 'RR9702-63T']"
90,0.5099999999999998,10073.911963284956,224.0,"['RR9702-63T', 'SO35_2_101KL']"
91,0.7799999999999998,10087.41321916694,9.0,"['RR9702-63T', 'SO35_2_102KL']"
92,0.6799999999999997,3593.035020339457,423.0,"['RR9702-63T', 'SO26_189KA']"
93,0.7349999999999999,10814.52144035543,509.0,"['RR9702-63T', 'SO35_2_272KL']"
94,0.36670000000000025,10934.857102205919,11.0,"['RR9702-63T', 'SO35_2_211KL']"
95,0.027499999999999858,3410.5971599156805,470.0,"['RR9702-63T', 'SO12_98']"
96,0.5199999999999996,3111.5783312273156,426.0,"['RR9702-63T', 'SO12_229']"
97,0.4466999999999999,1668.886018925975,309.0,"['RR9702-63T', 'TR163_31']"
98,0.565,1736.7578693375835,480.0,"['RR9702-63T', 'SO26_131KA']"
99,0.30139999999999967,1956.7383769858668,438.0,"['RR9702-63T', 'SO26_127KA']"
100,0.6400000000000001,2915.525515016383,523.0,"['GIK17304_1', 'RR9702-63T']"
101,0.3875000000000002,2915.525515016383,523.0,"['GIK17304_2', 'RR9702-63T']"
102,0.2699999999999996,868.9224642495803,657.0,"['GeoB3388_1', 'RR9702-63T']"
103,0.7283000000000004,3878.8115243014836,17.0,"['RR9702-63T', 'SO26_222KA']"
104,0.23999999999999977,10935.48238779234,109.0,"['RR9702-63T', 'SO35_2_182KL']"
105,0.2899999999999996,2531.5994946970136,1206.0,"['RR9702-63T', 'SO26_141KA']"
106,0.36999999999999966,664.7844154259814,609.0,"['RR9702-63T', 'h96-tk1']"
107,0.6799999999999997,504.1381376697338,435.0,"['RR9702-63T', 'h96-tg3']"
108,0.6699999999999999,322.92840539525145,159.0,"['RR9702-63T', 'h96-tg4']"
109,0.5899999999999999,137.8670772515959,219.0,"['RR9702-63T', 'h96-tg7']"
110,0.5699999999999998,14531.393825453773,684.0,"['GeoB17424-2', 'RR9702-63T']"
111,0.07000000000000028,642.3719245033346,559.0,"['GS7202-29', 'GS7202-35']"
112,0.6599999999999997,1638.6542167936009,917.0,"['GS7202-22', 'GS7202-35']"
113,0.44999999999999973,1175.4930843371517,131.0,"['GS7202-35', 'Y71-9-101']"
114,0.44999999999999973,2199.266804614944,327.0,"['GS7202-17', 'GS7202-35']"
115,0.2999999999999998,3665.6869749252337,841.0,"['GS7202-35', 'ME05A-25MC']"
116,0.6499999999999999,3217.0705792279127,1310.0,"['GS7202-35', 'TTN13-18PC']"
117,0.3099999999999996,2550.0609103191423,187.0,"['GS7202-35', 'RC13-110']"
118,0.44999999999999973,3472.5145028495153,371.0,"['GS7202-35', 'V19-29']"
119,0.3599999999999999,3540.4919250279654,47.0,"['GS7202-35', 'V19-30']"
120,0.43999999999999995,3453.804728022361,324.0,"['GS7202-35', 'V19-28']"
121,0.22999999999999998,9678.235850751995,875.0,"['ERDC-112', 'GS7202-35']"
122,0.21370000000000022,4604.37420174049,581.0,"['GIK17747_2', 'GS7202-35']"
123,0.10670000000000002,4604.37420174049,580.0,"['GIK17747_1', 'GS7202-35']"
124,0.71,1420.116613028987,119.0,"['GIK17790_3', 'GS7202-35']"
125,0.2999999999999998,6742.239387051638,81.0,"['GS7202-35', 'SO35_2_101KL']"
126,0.5699999999999998,6755.022072642811,134.0,"['GS7202-35', 'SO35_2_102KL']"
127,0.46999999999999975,421.809597812211,280.0,"['GS7202-35', 'SO26_189KA']"
128,0.5249999999999999,7351.164343807353,366.0,"['GS7202-35', 'SO35_2_272KL']"
129,0.5767000000000002,7440.11686254314,154.0,"['GS7202-35', 'SO35_2_211KL']"
130,0.1825000000000001,623.5616846524531,327.0,"['GS7202-35', 'SO12_98']"
131,0.3099999999999996,1571.464899602549,283.0,"['GS7202-35', 'SO12_229']"
132,0.2366999999999999,3457.5728338634726,166.0,"['GS7202-35', 'TR163_31']"
133,0.355,3365.442690051735,337.0,"['GS7202-35', 'SO26_131KA']"
134,0.0913999999999997,3419.555056929271,581.0,"['GS7202-35', 'SO26_127KA']"
135,0.8500000000000001,1720.4816552463508,380.0,"['GIK17304_1', 'GS7202-35']"
136,0.5975000000000001,1720.4816552463508,380.0,"['GIK17304_2', 'GS7202-35']"
137,0.05999999999999961,4121.338109688817,514.0,"['GS7202-35', 'GeoB3388_1']"
138,0.9383000000000004,1031.8754209035799,126.0,"['GS7202-35', 'SO26_222KA']"
139,0.029999999999999805,7443.271142305494,34.0,"['GS7202-35', 'SO35_2_182KL']"
140,0.07999999999999963,1653.8899915083816,1063.0,"['GS7202-35', 'SO26_141KA']"
141,0.1599999999999997,3308.9534470035805,466.0,"['GS7202-35', 'h96-tk1']"
142,0.46999999999999975,3419.7461825041314,578.0,"['GS7202-35', 'h96-tg3']"
143,0.45999999999999996,3495.947035348869,16.0,"['GS7202-35', 'h96-tg4']"
144,0.3799999999999999,3793.167890154558,76.0,"['GS7202-35', 'h96-tg7']"
145,0.3599999999999999,10981.63215364632,827.0,"['GS7202-35', 'GeoB17424-2']"
146,0.73,1006.8271939465318,358.0,"['GS7202-22', 'GS7202-29']"
147,0.52,716.1640455410396,428.0,"['GS7202-29', 'Y71-9-101']"
148,0.52,1599.3100064649457,232.0,"['GS7202-17', 'GS7202-29']"
149,0.3700000000000001,3023.337125473522,1400.0,"['GS7202-29', 'ME05A-25MC']"
150,0.7200000000000002,3705.889825432486,751.0,"['GS7202-29', 'TTN13-18PC']"
151,0.3799999999999999,1950.3734122596,372.0,"['GS7202-29', 'RC13-110']"
152,0.52,2830.468100154536,930.0,"['GS7202-29', 'V19-29']"
153,0.43000000000000016,2898.475885144394,512.0,"['GS7202-29', 'V19-30']"
154,0.5100000000000002,2811.557945339577,883.0,"['GS7202-29', 'V19-28']"
155,0.30000000000000027,10286.616089069925,1434.0,"['ERDC-112', 'GS7202-29']"
156,0.14369999999999994,4240.174277320282,1140.0,"['GIK17747_2', 'GS7202-29']"
157,0.1767000000000003,4240.174277320282,1139.0,"['GIK17747_1', 'GS7202-29']"
158,0.6399999999999997,1614.2739386580868,440.0,"['GIK17790_3', 'GS7202-29']"
159,0.3700000000000001,7384.243435994283,478.0,"['GS7202-29', 'SO35_2_101KL']"
160,0.6400000000000001,7397.008816608286,693.0,"['GS7202-29', 'SO35_2_102KL']"
161,0.54,847.2280124133334,279.0,"['GS7202-29', 'SO26_189KA']"
162,0.5950000000000002,7986.856355450045,193.0,"['GS7202-29', 'SO35_2_272KL']"
163,0.5066999999999999,8072.941057806092,713.0,"['GS7202-29', 'SO35_2_211KL']"
164,0.11249999999999982,316.77006549212484,232.0,"['GS7202-29', 'SO12_98']"
165,0.3799999999999999,1042.905198825627,276.0,"['GS7202-29', 'SO12_229']"
166,0.3067000000000002,2815.6882360717173,393.0,"['GS7202-29', 'TR163_31']"
167,0.42500000000000027,2723.137206783997,222.0,"['GS7202-29', 'SO26_131KA']"
168,0.1614,2778.3113693363757,1140.0,"['GS7202-29', 'SO26_127KA']"
169,0.7799999999999998,1745.4736668752407,179.0,"['GIK17304_1', 'GS7202-29']"
170,0.5274999999999999,1745.4736668752407,179.0,"['GIK17304_2', 'GS7202-29']"
171,0.1299999999999999,3665.8139872074744,45.0,"['GS7202-29', 'GeoB3388_1']"
172,0.8683000000000001,1486.6062899274568,685.0,"['GS7202-29', 'SO26_222KA']"
173,0.10000000000000009,8076.332372469006,593.0,"['GS7202-29', 'SO35_2_182KL']"
174,0.1499999999999999,1017.2525971880215,504.0,"['GS7202-29', 'SO26_141KA']"
175,0.22999999999999998,2840.483772526315,93.0,"['GS7202-29', 'h96-tk1']"
176,0.54,2932.8047862169255,1137.0,"['GS7202-29', 'h96-tg3']"
177,0.5300000000000002,2986.4080716471267,543.0,"['GS7202-29', 'h96-tg4']"
178,0.4500000000000002,3242.288385652011,483.0,"['GS7202-29', 'h96-tg7']"
179,0.43000000000000016,11599.099731604376,1386.0,"['GS7202-29', 'GeoB17424-2']"
180,0.20999999999999996,734.3536518156603,786.0,"['GS7202-22', 'Y71-9-101']"
181,0.20999999999999996,642.9088211558485,590.0,"['GS7202-17', 'GS7202-22']"
182,0.3599999999999999,2052.442760111168,1758.0,"['GS7202-22', 'ME05A-25MC']"
183,0.009999999999999787,4404.552752220859,393.0,"['GS7202-22', 'TTN13-18PC']"
184,0.3500000000000001,979.0163615016202,730.0,"['GS7202-22', 'RC13-110']"
185,0.20999999999999996,1876.736410536408,1288.0,"['GS7202-22', 'V19-29']"
186,0.2999999999999998,1944.6557743299984,870.0,"['GS7202-22', 'V19-30']"
187,0.21999999999999975,1838.0016062242782,1241.0,"['GS7202-22', 'V19-28']"
188,0.4299999999999997,11138.401959270826,1792.0,"['ERDC-112', 'GS7202-22']"
189,0.8736999999999999,4020.858815078565,1498.0,"['GIK17747_2', 'GS7202-22']"
190,0.5532999999999997,4020.858815078565,1497.0,"['GIK17747_1', 'GS7202-22']"
191,1.3699999999999997,2404.048324630634,798.0,"['GIK17790_3', 'GS7202-22']"
192,0.3599999999999999,8358.035992062434,836.0,"['GS7202-22', 'SO35_2_101KL']"
193,0.08999999999999986,8370.597478194286,1051.0,"['GS7202-22', 'SO35_2_102KL']"
194,0.18999999999999995,1836.5879417190095,637.0,"['GS7202-22', 'SO26_189KA']"
195,0.1349999999999998,8927.213796157565,551.0,"['GS7202-22', 'SO35_2_272KL']"
196,1.2367,9002.943121989012,1071.0,"['GS7202-22', 'SO35_2_211KL']"
197,0.8424999999999998,1078.3197969578648,590.0,"['GS7202-22', 'SO12_98']"
198,0.3500000000000001,534.622570577919,634.0,"['GS7202-22', 'SO12_229']"
199,0.4232999999999998,1865.2250571577008,751.0,"['GS7202-22', 'TR163_31']"
200,0.3049999999999997,1763.1940835092394,580.0,"['GS7202-22', 'SO26_131KA']"
201,0.5686,1792.608863412996,1498.0,"['GS7202-22', 'SO26_127KA']"
202,1.5099999999999998,2360.688051245231,537.0,"['GIK17304_1', 'GS7202-22']"
203,1.2574999999999998,2360.688051245231,537.0,"['GIK17304_2', 'GS7202-22']"
204,0.6000000000000001,3286.0888947779677,403.0,"['GS7202-22', 'GeoB3388_1']"
205,1.5983,2447.9190134284013,1043.0,"['GS7202-22', 'SO26_222KA']"
206,0.6299999999999999,9007.127703946402,951.0,"['GS7202-22', 'SO35_2_182KL']"
207,0.5800000000000001,62.50356279238905,146.0,"['GS7202-22', 'SO26_141KA']"
208,0.5,2490.746447022051,451.0,"['GS7202-22', 'h96-tk1']"
209,0.18999999999999995,2529.474176625087,1495.0,"['GS7202-22', 'h96-tg3']"
210,0.19999999999999973,2520.934763331968,901.0,"['GS7202-22', 'h96-tg4']"
211,0.2799999999999998,2646.750729202593,841.0,"['GS7202-22', 'h96-tg7']"
212,0.2999999999999998,12469.729973154675,1744.0,"['GS7202-22', 'GeoB17424-2']"
213,0.0,1096.986520961054,196.0,"['GS7202-17', 'Y71-9-101']"
214,0.1499999999999999,2727.0724131555066,972.0,"['ME05A-25MC', 'Y71-9-101']"
215,0.20000000000000018,3671.873497623879,1179.0,"['TTN13-18PC', 'Y71-9-101']"
216,0.14000000000000012,1433.58606390113,56.0,"['RC13-110', 'Y71-9-101']"
217,0.0,2570.185267960579,502.0,"['V19-29', 'Y71-9-101']"
218,0.08999999999999986,2637.080802193097,84.0,"['V19-30', 'Y71-9-101']"
219,0.009999999999999787,2512.9579839480025,455.0,"['V19-28', 'Y71-9-101']"
220,0.21999999999999975,10422.206303865987,1006.0,"['ERDC-112', 'Y71-9-101']"
221,0.6637,4619.065292910846,712.0,"['GIK17747_2', 'Y71-9-101']"
222,0.3432999999999997,4619.065292910846,711.0,"['GIK17747_1', 'Y71-9-101']"
223,1.1599999999999997,2330.3365003633317,12.0,"['GIK17790_3', 'Y71-9-101']"
224,0.1499999999999999,7732.503162561,50.0,"['SO35_2_101KL', 'Y71-9-101']"
225,0.1200000000000001,7744.719570817577,265.0,"['SO35_2_102KL', 'Y71-9-101']"
226,0.020000000000000018,1506.0453790305853,149.0,"['SO26_189KA', 'Y71-9-101']"
227,0.07500000000000018,8262.394543257089,235.0,"['SO35_2_272KL', 'Y71-9-101']"
228,1.0267,8329.562785357351,285.0,"['SO35_2_211KL', 'Y71-9-101']"
229,0.6324999999999998,553.8081400944534,196.0,"['SO12_98', 'Y71-9-101']"
230,0.14000000000000012,410.8424199905181,152.0,"['SO12_229', 'Y71-9-101']"
231,0.21329999999999982,2561.3254652092073,35.0,"['TR163_31', 'Y71-9-101']"
232,0.09499999999999975,2453.2429343025915,206.0,"['SO26_131KA', 'Y71-9-101']"
233,0.35860000000000003,2451.3399159815012,712.0,"['SO26_127KA', 'Y71-9-101']"
234,1.2999999999999998,2438.540622869295,249.0,"['GIK17304_1', 'Y71-9-101']"
235,1.0474999999999999,2438.540622869295,249.0,"['GIK17304_2', 'Y71-9-101']"
236,0.3900000000000001,3939.9343360494863,383.0,"['GeoB3388_1', 'Y71-9-101']"
237,1.3883,2157.7095685614154,257.0,"['SO26_222KA', 'Y71-9-101']"
238,0.41999999999999993,8334.339147494758,165.0,"['SO35_2_182KL', 'Y71-9-101']"
239,0.3700000000000001,785.3488213883842,932.0,"['SO26_141KA', 'Y71-9-101']"
240,0.29000000000000004,3123.9790653607574,335.0,"['Y71-9-101', 'h96-tk1']"
241,0.020000000000000018,3183.0494900602475,709.0,"['Y71-9-101', 'h96-tg3']"
242,0.010000000000000231,3195.3617847168675,115.0,"['Y71-9-101', 'h96-tg4']"
243,0.06999999999999984,3358.0757200829908,55.0,"['Y71-9-101', 'h96-tg7']"
244,0.08999999999999986,11757.67212673131,958.0,"['GeoB17424-2', 'Y71-9-101']"
245,0.1499999999999999,1685.003433677606,1168.0,"['GS7202-17', 'ME05A-25MC']"
246,0.20000000000000018,4648.037445020366,983.0,"['GS7202-17', 'TTN13-18PC']"
247,0.14000000000000012,351.51179073178673,140.0,"['GS7202-17', 'RC13-110']"
248,0.0,1562.8151593100645,698.0,"['GS7202-17', 'V19-29']"
249,0.08999999999999986,1625.4163033114214,280.0,"['GS7202-17', 'V19-30']"
250,0.009999999999999787,1477.1182542079612,651.0,"['GS7202-17', 'V19-28']"
251,0.21999999999999975,11438.95761249929,1202.0,"['ERDC-112', 'GS7202-17']"
252,0.6637,4301.67405035483,908.0,"['GIK17747_2', 'GS7202-17']"
253,0.3432999999999997,4301.67405035483,907.0,"['GIK17747_1', 'GS7202-17']"
254,1.1599999999999997,3046.815275266148,208.0,"['GIK17790_3', 'GS7202-17']"
255,0.1499999999999999,8828.621376729137,246.0,"['GS7202-17', 'SO35_2_101KL']"
256,0.1200000000000001,8840.795391030157,461.0,"['GS7202-17', 'SO35_2_102KL']"
257,0.020000000000000018,2444.89919824766,47.0,"['GS7202-17', 'SO26_189KA']"
258,0.07500000000000018,9346.261834664654,39.0,"['GS7202-17', 'SO35_2_272KL']"
259,1.0267,9408.155202379257,481.0,"['GS7202-17', 'SO35_2_211KL']"
260,0.6324999999999998,1591.9197938246798,0.0,"['GS7202-17', 'SO12_98']"
261,0.14000000000000012,698.3462014873787,44.0,"['GS7202-17', 'SO12_229']"
262,0.21329999999999982,1559.6224568091748,161.0,"['GS7202-17', 'TR163_31']"
263,0.09499999999999975,1443.8955542420879,10.0,"['GS7202-17', 'SO26_131KA']"
264,0.35860000000000003,1397.6134649533078,908.0,"['GS7202-17', 'SO26_127KA']"
265,1.2999999999999998,2990.080662539555,53.0,"['GIK17304_1', 'GS7202-17']"
266,1.0474999999999999,2990.080662539555,53.0,"['GIK17304_2', 'GS7202-17']"
267,0.3900000000000001,3493.302777025243,187.0,"['GS7202-17', 'GeoB3388_1']"
268,1.3883,3071.8284748414953,453.0,"['GS7202-17', 'SO26_222KA']"
269,0.41999999999999993,9413.32448802264,361.0,"['GS7202-17', 'SO35_2_182KL']"
270,0.3700000000000001,668.0461114518092,736.0,"['GS7202-17', 'SO26_141KA']"
271,0.29000000000000004,2761.347000073782,139.0,"['GS7202-17', 'h96-tk1']"
272,0.020000000000000018,2762.415513239071,905.0,"['GS7202-17', 'h96-tg3']"
273,0.010000000000000231,2711.013271148709,311.0,"['GS7202-17', 'h96-tg4']"
274,0.06999999999999984,2725.875171424738,251.0,"['GS7202-17', 'h96-tg7']"
275,0.08999999999999986,12780.151860294707,1154.0,"['GS7202-17', 'GeoB17424-2']"
276,0.3500000000000001,6332.742894059181,2151.0,"['ME05A-25MC', 'TTN13-18PC']"
277,0.009999999999999787,1444.3278169011514,1028.0,"['ME05A-25MC', 'RC13-110']"
278,0.1499999999999999,229.48305448400876,470.0,"['ME05A-25MC', 'V19-29']"
279,0.06000000000000005,180.27900049783773,888.0,"['ME05A-25MC', 'V19-30']"
280,0.14000000000000012,214.75479190074026,517.0,"['ME05A-25MC', 'V19-28']"
281,0.06999999999999984,13123.787449116851,34.0,"['ERDC-112', 'ME05A-25MC']"
282,0.5137,3590.187443757393,260.0,"['GIK17747_2', 'ME05A-25MC']"
283,0.1932999999999998,3590.187443757393,261.0,"['GIK17747_1', 'ME05A-25MC']"
284,1.0099999999999998,4043.703762000911,960.0,"['GIK17790_3', 'ME05A-25MC']"
285,0.0,10405.211013726861,922.0,"['ME05A-25MC', 'SO35_2_101KL']"
286,0.27,10417.886173655568,707.0,"['ME05A-25MC', 'SO35_2_102KL']"
287,0.16999999999999993,3787.9145343042333,1121.0,"['ME05A-25MC', 'SO26_189KA']"
288,0.2250000000000001,10978.40411436547,1207.0,"['ME05A-25MC', 'SO35_2_272KL']"
289,0.8767,11051.376327208822,687.0,"['ME05A-25MC', 'SO35_2_211KL']"
290,0.48249999999999993,3130.5314995436847,1168.0,"['ME05A-25MC', 'SO12_98']"
291,0.009999999999999787,2362.3904842323327,1124.0,"['ME05A-25MC', 'SO12_229']"
292,0.06329999999999991,253.92227038723587,1007.0,"['ME05A-25MC', 'TR163_31']"
293,0.05500000000000016,308.05401381673704,1178.0,"['ME05A-25MC', 'SO26_131KA']"
294,0.20860000000000012,291.1994182590176,260.0,"['ME05A-25MC', 'SO26_127KA']"
295,1.15,3789.4154294229793,1221.0,"['GIK17304_1', 'ME05A-25MC']"
296,0.8975,3789.4154294229793,1221.0,"['GIK17304_2', 'ME05A-25MC']"
297,0.2400000000000002,2700.7744633646003,1355.0,"['GeoB3388_1', 'ME05A-25MC']"
298,1.2383000000000002,4319.795782291797,715.0,"['ME05A-25MC', 'SO26_222KA']"
299,0.27,11055.811929957437,807.0,"['ME05A-25MC', 'SO35_2_182KL']"
300,0.2200000000000002,2025.372788916341,1904.0,"['ME05A-25MC', 'SO26_141KA']"
301,0.14000000000000012,2303.777000472678,1307.0,"['ME05A-25MC', 'h96-tk1']"
302,0.16999999999999993,2202.4666500546214,263.0,"['ME05A-25MC', 'h96-tg3']"
303,0.16000000000000014,2052.272428035065,857.0,"['ME05A-25MC', 'h96-tg4']"
304,0.08000000000000007,1776.9323865404708,917.0,"['ME05A-25MC', 'h96-tg7']"
305,0.06000000000000005,14464.725686424088,14.0,"['GeoB17424-2', 'ME05A-25MC']"
306,0.3400000000000003,4907.585461666429,1123.0,"['RC13-110', 'TTN13-18PC']"
307,0.20000000000000018,6204.639586494321,1681.0,"['TTN13-18PC', 'V19-29']"
308,0.29000000000000004,6269.0426093606375,1263.0,"['TTN13-18PC', 'V19-30']"
309,0.20999999999999996,6125.050450660439,1634.0,"['TTN13-18PC', 'V19-28']"
310,0.41999999999999993,6793.7990648740815,2185.0,"['ERDC-112', 'TTN13-18PC']"
311,0.8637000000000001,7794.865200549517,1891.0,"['GIK17747_2', 'TTN13-18PC']"
312,0.5432999999999999,7794.865200549517,1890.0,"['GIK17747_1', 'TTN13-18PC']"
313,1.3599999999999999,4227.3391523279615,1191.0,"['GIK17790_3', 'TTN13-18PC']"
314,0.3500000000000001,4661.616985792877,1229.0,"['SO35_2_101KL', 'TTN13-18PC']"
315,0.08000000000000007,4670.677541957144,1444.0,"['SO35_2_102KL', 'TTN13-18PC']"
316,0.18000000000000016,3445.9767160907945,1030.0,"['SO26_189KA', 'TTN13-18PC']"
317,0.125,4925.774217598088,944.0,"['SO35_2_272KL', 'TTN13-18PC']"
318,1.2267000000000001,4942.049070697725,1464.0,"['SO35_2_211KL', 'TTN13-18PC']"
319,0.8325,3450.0438260043647,983.0,"['SO12_98', 'TTN13-18PC']"
320,0.3400000000000003,3988.0240058924555,1027.0,"['SO12_229', 'TTN13-18PC']"
321,0.4133,6199.208581138246,1144.0,"['TR163_31', 'TTN13-18PC']"
322,0.29499999999999993,6085.735386204273,973.0,"['SO26_131KA', 'TTN13-18PC']"
323,0.5586000000000002,6044.107386832882,1891.0,"['SO26_127KA', 'TTN13-18PC']"
324,1.5,4681.969494736301,930.0,"['GIK17304_1', 'TTN13-18PC']"
325,1.2475,4681.969494736301,930.0,"['GIK17304_2', 'TTN13-18PC']"
326,0.5900000000000003,7337.547380617558,796.0,"['GeoB3388_1', 'TTN13-18PC']"
327,1.5883000000000003,3532.4672865300117,1436.0,"['SO26_222KA', 'TTN13-18PC']"
328,0.6200000000000001,4949.914190466129,1344.0,"['SO35_2_182KL', 'TTN13-18PC']"
329,0.5700000000000003,4452.384257437365,247.0,"['SO26_141KA', 'TTN13-18PC']"
330,0.4900000000000002,6521.338960658771,844.0,"['TTN13-18PC', 'h96-tk1']"
331,0.18000000000000016,6625.755239016037,1888.0,"['TTN13-18PC', 'h96-tg3']"
332,0.18999999999999995,6689.169433880716,1294.0,"['TTN13-18PC', 'h96-tg4']"
333,0.27,6943.542120664163,1234.0,"['TTN13-18PC', 'h96-tg7']"
334,0.29000000000000004,8135.65951082012,2137.0,"['GeoB17424-2', 'TTN13-18PC']"
335,0.14000000000000012,1359.3942054407905,558.0,"['RC13-110', 'V19-29']"
336,0.050000000000000266,1415.6620565731548,140.0,"['RC13-110', 'V19-30']"
337,0.13000000000000034,1249.6199070004875,511.0,"['RC13-110', 'V19-28']"
338,0.07999999999999963,11700.880321174413,1062.0,"['ERDC-112', 'RC13-110']"
339,0.5236999999999998,4363.026971055049,768.0,"['GIK17747_2', 'RC13-110']"
340,0.2032999999999996,4363.026971055049,767.0,"['GIK17747_1', 'RC13-110']"
341,1.0199999999999996,3374.6956831838074,68.0,"['GIK17790_3', 'RC13-110']"
342,0.009999999999999787,9156.068509093497,106.0,"['RC13-110', 'SO35_2_101KL']"
343,0.26000000000000023,9168.119346307438,321.0,"['RC13-110', 'SO35_2_102KL']"
344,0.16000000000000014,2795.3521096829218,93.0,"['RC13-110', 'SO26_189KA']"
345,0.2150000000000003,9656.989803764161,179.0,"['RC13-110', 'SO35_2_272KL']"
346,0.8866999999999998,9714.087643378221,341.0,"['RC13-110', 'SO35_2_211KL']"
347,0.4924999999999997,1940.3840182922463,140.0,"['RC13-110', 'SO12_98']"
348,0.0,1026.3886621880147,96.0,"['RC13-110', 'SO12_229']"
349,0.0732999999999997,1361.3984267393407,21.0,"['RC13-110', 'TR163_31']"
350,0.04500000000000037,1244.0102703121527,150.0,"['RC13-110', 'SO26_131KA']"
351,0.2185999999999999,1153.1900480182371,768.0,"['RC13-110', 'SO26_127KA']"
352,1.1599999999999997,3294.129962801306,193.0,"['GIK17304_1', 'RC13-110']"
353,0.9074999999999998,3294.129962801306,193.0,"['GIK17304_2', 'RC13-110']"
354,0.25,3522.9514180670167,327.0,"['GeoB3388_1', 'RC13-110']"
355,1.2483,3419.778507691969,313.0,"['RC13-110', 'SO26_222KA']"
356,0.2799999999999998,9719.589145286873,221.0,"['RC13-110', 'SO35_2_182KL']"
357,0.22999999999999998,995.6995426513837,876.0,"['RC13-110', 'SO26_141KA']"
358,0.1499999999999999,2840.0289094541085,279.0,"['RC13-110', 'h96-tk1']"
359,0.16000000000000014,2820.219160089319,765.0,"['RC13-110', 'h96-tg3']"
360,0.15000000000000036,2746.4279290864824,171.0,"['RC13-110', 'h96-tg4']"
361,0.07000000000000028,2700.0516845426364,111.0,"['RC13-110', 'h96-tg7']"
362,0.050000000000000266,13042.712080895948,1014.0,"['GeoB17424-2', 'RC13-110']"
363,0.08999999999999986,68.13604148340106,418.0,"['V19-29', 'V19-30']"
364,0.009999999999999787,155.9123172304237,47.0,"['V19-28', 'V19-29']"
365,0.21999999999999975,12986.412125463914,504.0,"['ERDC-112', 'V19-29']"
366,0.6637,3447.172167537041,210.0,"['GIK17747_2', 'V19-29']"
367,0.3432999999999997,3447.172167537041,209.0,"['GIK17747_1', 'V19-29']"
368,1.1599999999999997,3817.913657190869,490.0,"['GIK17790_3', 'V19-29']"
369,0.1499999999999999,10214.706704434086,452.0,"['SO35_2_101KL', 'V19-29']"
370,0.1200000000000001,10227.475140042883,237.0,"['SO35_2_102KL', 'V19-29']"
371,0.020000000000000018,3581.4758471186624,651.0,"['SO26_189KA', 'V19-29']"
372,0.07500000000000018,10802.392367706409,737.0,"['SO35_2_272KL', 'V19-29']"
373,1.0267,10879.51288307714,217.0,"['SO35_2_211KL', 'V19-29']"
374,0.6324999999999998,2951.4503768459463,698.0,"['SO12_98', 'V19-29']"
375,0.14000000000000012,2220.1555615332923,654.0,"['SO12_229', 'V19-29']"
376,0.21329999999999982,26.032615296940264,537.0,"['TR163_31', 'V19-29']"
377,0.09499999999999975,119.01266907922626,708.0,"['SO26_131KA', 'V19-29']"
378,0.35860000000000003,277.03169163587035,210.0,"['SO26_127KA', 'V19-29']"
379,1.2999999999999998,3560.4232562748034,751.0,"['GIK17304_1', 'V19-29']"
380,1.0474999999999999,3560.4232562748034,751.0,"['GIK17304_2', 'V19-29']"
381,0.3900000000000001,2557.889438627456,885.0,"['GeoB3388_1', 'V19-29']"
382,1.3883,4104.084555749949,245.0,"['SO26_222KA', 'V19-29']"
383,0.41999999999999993,10883.64381124763,337.0,"['SO35_2_182KL', 'V19-29']"
384,0.3700000000000001,1845.4851039438283,1434.0,"['SO26_141KA', 'V19-29']"
385,0.29000000000000004,2113.763556855489,837.0,"['V19-29', 'h96-tk1']"
386,0.020000000000000018,2020.8662498561062,207.0,"['V19-29', 'h96-tg3']"
387,0.010000000000000231,1878.6448500733618,387.0,"['V19-29', 'h96-tg4']"
388,0.06999999999999984,1638.6624899578264,447.0,"['V19-29', 'h96-tg7']"
389,0.08999999999999986,14324.805000622777,456.0,"['GeoB17424-2', 'V19-29']"
390,0.08000000000000007,182.654631378051,371.0,"['V19-28', 'V19-30']"
391,0.1299999999999999,13052.126542593798,922.0,"['ERDC-112', 'V19-30']"
392,0.5737000000000001,3447.4308209376554,628.0,"['GIK17747_2', 'V19-30']"
393,0.25329999999999986,3447.4308209376554,627.0,"['GIK17747_1', 'V19-30']"
394,1.0699999999999998,3878.751980522708,72.0,"['GIK17790_3', 'V19-30']"
395,0.06000000000000005,10282.703843489062,34.0,"['SO35_2_101KL', 'V19-30']"
396,0.20999999999999996,10295.475338063407,181.0,"['SO35_2_102KL', 'V19-30']"
397,0.10999999999999988,3648.3984466005295,233.0,"['SO26_189KA', 'V19-30']"
398,0.16500000000000004,10870.473187076697,319.0,"['SO35_2_272KL', 'V19-30']"
399,0.9367000000000001,10947.492353783367,201.0,"['SO35_2_211KL', 'V19-30']"
400,0.5425,3019.525177060083,280.0,"['SO12_98', 'V19-30']"
401,0.050000000000000266,2285.6069417926387,236.0,"['SO12_229', 'V19-30']"
402,0.12329999999999997,84.6171040996992,119.0,"['TR163_31', 'V19-30']"
403,0.004999999999999893,184.09421757113648,290.0,"['SO26_131KA', 'V19-30']"
404,0.26860000000000017,304.00496210682036,628.0,"['SO26_127KA', 'V19-30']"
405,1.21,3617.3087312452853,333.0,"['GIK17304_1', 'V19-30']"
406,0.9575,3617.3087312452853,333.0,"['GIK17304_2', 'V19-30']"
407,0.30000000000000027,2557.699900869528,467.0,"['GeoB3388_1', 'V19-30']"
408,1.2983000000000002,4169.2468209289555,173.0,"['SO26_222KA', 'V19-30']"
409,0.33000000000000007,10951.632428580433,81.0,"['SO35_2_182KL', 'V19-30']"
410,0.28000000000000025,1913.5334032422893,1016.0,"['SO26_141KA', 'V19-30']"
411,0.20000000000000018,2134.3458331710362,419.0,"['V19-30', 'h96-tk1']"
412,0.10999999999999988,2037.1433278308389,625.0,"['V19-30', 'h96-tg3']"
413,0.10000000000000009,1891.025522655983,31.0,"['V19-30', 'h96-tg4']"
414,0.020000000000000018,1635.8478757319606,29.0,"['V19-30', 'h96-tg7']"
415,0.0,14390.830261023157,874.0,"['GeoB17424-2', 'V19-30']"
416,0.20999999999999996,12914.224164123216,551.0,"['ERDC-112', 'V19-28']"
417,0.6537000000000002,3599.973072119277,257.0,"['GIK17747_2', 'V19-28']"
418,0.33329999999999993,3599.973072119277,256.0,"['GIK17747_1', 'V19-28']"
419,1.15,3860.7777615365317,443.0,"['GIK17790_3', 'V19-28']"
420,0.14000000000000012,10192.060236084933,405.0,"['SO35_2_101KL', 'V19-28']"
421,0.1299999999999999,10204.715733121444,190.0,"['SO35_2_102KL', 'V19-28']"
422,0.029999999999999805,3581.601805477677,604.0,"['SO26_189KA', 'V19-28']"
423,0.08499999999999996,10763.676779420084,690.0,"['SO35_2_272KL', 'V19-28']"
424,1.0167000000000002,10836.636625069326,170.0,"['SO35_2_211KL', 'V19-28']"
425,0.6225,2916.1931889479597,651.0,"['SO12_98', 'V19-28']"
426,0.13000000000000034,2150.307343327351,607.0,"['SO12_229', 'V19-28']"
427,0.20330000000000004,175.78726712603176,490.0,"['TR163_31', 'V19-28']"
428,0.08499999999999996,134.0413076370005,661.0,"['SO26_131KA', 'V19-28']"
429,0.34860000000000024,122.47156427543037,257.0,"['SO26_127KA', 'V19-28']"
430,1.29,3620.606427885614,704.0,"['GIK17304_1', 'V19-28']"
431,1.0375,3620.606427885614,704.0,"['GIK17304_2', 'V19-28']"
432,0.38000000000000034,2711.039454709162,838.0,"['GeoB3388_1', 'V19-28']"
433,1.3783000000000003,4120.5129780731995,198.0,"['SO26_222KA', 'V19-28']"
434,0.41000000000000014,10841.067572875858,290.0,"['SO35_2_182KL', 'V19-28']"
435,0.3600000000000003,1811.3710690536507,1387.0,"['SO26_141KA', 'V19-28']"
436,0.28000000000000025,2251.691627117095,790.0,"['V19-28', 'h96-tk1']"
437,0.029999999999999805,2163.2444862578604,254.0,"['V19-28', 'h96-tg3']"
438,0.020000000000000018,2024.5234718119782,340.0,"['V19-28', 'h96-tg4']"
439,0.06000000000000005,1793.023761444084,400.0,"['V19-28', 'h96-tg7']"
440,0.08000000000000007,14254.678262664891,503.0,"['GeoB17424-2', 'V19-28']"
441,0.4437000000000002,13410.523419474232,294.0,"['ERDC-112', 'GIK17747_2']"
442,0.12329999999999997,13410.523419474232,295.0,"['ERDC-112', 'GIK17747_1']"
443,0.94,10001.861522903653,994.0,"['ERDC-112', 'GIK17790_3']"
444,0.06999999999999984,3426.294871341559,956.0,"['ERDC-112', 'SO35_2_101KL']"
445,0.33999999999999986,3413.212482892552,741.0,"['ERDC-112', 'SO35_2_102KL']"
446,0.23999999999999977,9716.36527963157,1155.0,"['ERDC-112', 'SO26_189KA']"
447,0.29499999999999993,2576.222860246492,1241.0,"['ERDC-112', 'SO35_2_272KL']"
448,0.8067000000000002,2423.9420042729494,721.0,"['ERDC-112', 'SO35_2_211KL']"
449,0.4125000000000001,10098.21172478787,1202.0,"['ERDC-112', 'SO12_98']"
450,0.07999999999999963,10766.609870343993,1158.0,"['ERDC-112', 'SO12_229']"
451,0.006699999999999928,12979.22851220892,1041.0,"['ERDC-112', 'TR163_31']"
452,0.125,12868.10523500061,1212.0,"['ERDC-112', 'SO26_131KA']"
453,0.13860000000000028,12836.350348195747,294.0,"['ERDC-112', 'SO26_127KA']"
454,1.08,10459.782188569245,1255.0,"['ERDC-112', 'GIK17304_1']"
455,0.8275000000000001,10459.782188569245,1255.0,"['ERDC-112', 'GIK17304_2']"
456,0.17000000000000037,13428.805128734075,1389.0,"['ERDC-112', 'GeoB3388_1']"
457,1.1683000000000003,9417.163638818769,749.0,"['ERDC-112', 'SO26_222KA']"
458,0.20000000000000018,2426.3210638475693,841.0,"['ERDC-112', 'SO35_2_182KL']"
459,0.15000000000000036,11178.895537066735,1938.0,"['ERDC-112', 'SO26_141KA']"
460,0.07000000000000028,12758.162033580751,1341.0,"['ERDC-112', 'h96-tk1']"
461,0.23999999999999977,12906.188133261605,297.0,"['ERDC-112', 'h96-tg3']"
462,0.22999999999999998,13033.098169629367,891.0,"['ERDC-112', 'h96-tg4']"
463,0.1499999999999999,13409.335303922293,951.0,"['ERDC-112', 'h96-tg7']"
464,0.1299999999999999,1341.8707295548984,48.0,"['ERDC-112', 'GeoB17424-2']"
465,0.49629999999999974,3674.5584829020318,700.0,"['GIK17747_2', 'GIK17790_3']"
466,0.5137,9990.644850552477,662.0,"['GIK17747_2', 'SO35_2_101KL']"
467,0.7837000000000001,10003.90883942942,447.0,"['GIK17747_2', 'SO35_2_102KL']"
468,0.6837,4348.8930050666295,861.0,"['GIK17747_2', 'SO26_189KA']"
469,0.7387000000000001,10834.589348622298,947.0,"['GIK17747_2', 'SO35_2_272KL']"
470,0.363,10990.64332346587,427.0,"['GIK17747_2', 'SO35_2_211KL']"
471,0.031200000000000117,4548.223421919334,908.0,"['GIK17747_2', 'SO12_98']"
472,0.5236999999999998,4553.94023613154,864.0,"['GIK17747_2', 'SO12_229']"
473,0.45040000000000013,3425.007830590718,747.0,"['GIK17747_2', 'TR163_31']"
474,0.5687000000000002,3493.026966780705,918.0,"['GIK17747_2', 'SO26_131KA']"
475,0.3050999999999999,3713.286850645299,0.0,"['GIK17747_2', 'SO26_127KA']"
476,0.6362999999999999,3193.1520538342425,961.0,"['GIK17304_1', 'GIK17747_2']"
477,0.3837999999999999,3193.1520538342425,961.0,"['GIK17304_2', 'GIK17747_2']"
478,0.27369999999999983,889.7690910805013,1095.0,"['GIK17747_2', 'GeoB3388_1']"
479,0.7246000000000001,4359.098227242505,455.0,"['GIK17747_2', 'SO26_222KA']"
480,0.24370000000000003,10987.583331927277,547.0,"['GIK17747_2', 'SO35_2_182KL']"
481,0.29369999999999985,3958.3698774268764,1644.0,"['GIK17747_2', 'SO26_141KA']"
482,0.3736999999999999,1542.7583627059764,1047.0,"['GIK17747_2', 'h96-tk1']"
483,0.6837,1543.5241144580928,3.0,"['GIK17747_2', 'h96-tg3']"
484,0.6737000000000002,1624.3082718561113,597.0,"['GIK17747_2', 'h96-tg4']"
485,0.5937000000000001,1813.2658730249764,657.0,"['GIK17747_2', 'h96-tg7']"
486,0.5737000000000001,14409.74027704488,246.0,"['GIK17747_2', 'GeoB17424-2']"
487,0.8167,3674.5584829020318,699.0,"['GIK17747_1', 'GIK17790_3']"
488,0.1932999999999998,9990.644850552477,661.0,"['GIK17747_1', 'SO35_2_101KL']"
489,0.4632999999999998,10003.90883942942,446.0,"['GIK17747_1', 'SO35_2_102KL']"
490,0.36329999999999973,4348.8930050666295,860.0,"['GIK17747_1', 'SO26_189KA']"
491,0.4182999999999999,10834.589348622298,946.0,"['GIK17747_1', 'SO35_2_272KL']"
492,0.6834000000000002,10990.64332346587,426.0,"['GIK17747_1', 'SO35_2_211KL']"
493,0.2892000000000001,4548.223421919334,907.0,"['GIK17747_1', 'SO12_98']"
494,0.2032999999999996,4553.94023613154,863.0,"['GIK17747_1', 'SO12_229']"
495,0.1299999999999999,3425.007830590718,746.0,"['GIK17747_1', 'TR163_31']"
496,0.24829999999999997,3493.026966780705,917.0,"['GIK17747_1', 'SO26_131KA']"
497,0.015300000000000313,3713.286850645299,1.0,"['GIK17747_1', 'SO26_127KA']"
498,0.9567000000000001,3193.1520538342425,960.0,"['GIK17304_1', 'GIK17747_1']"
499,0.7042000000000002,3193.1520538342425,960.0,"['GIK17304_2', 'GIK17747_1']"
500,0.04670000000000041,889.7690910805013,1094.0,"['GIK17747_1', 'GeoB3388_1']"
501,1.0450000000000004,4359.098227242505,454.0,"['GIK17747_1', 'SO26_222KA']"
502,0.07670000000000021,10987.583331927277,546.0,"['GIK17747_1', 'SO35_2_182KL']"
503,0.02670000000000039,3958.3698774268764,1643.0,"['GIK17747_1', 'SO26_141KA']"
504,0.05329999999999968,1542.7583627059764,1046.0,"['GIK17747_1', 'h96-tk1']"
505,0.36329999999999973,1543.5241144580928,2.0,"['GIK17747_1', 'h96-tg3']"
506,0.35329999999999995,1624.3082718561113,596.0,"['GIK17747_1', 'h96-tg4']"
507,0.2732999999999999,1813.2658730249764,656.0,"['GIK17747_1', 'h96-tg7']"
508,0.25329999999999986,14409.74027704488,247.0,"['GIK17747_1', 'GeoB17424-2']"
509,1.0099999999999998,6737.99091198129,38.0,"['GIK17790_3', 'SO35_2_101KL']"
510,1.2799999999999998,6751.486107047685,253.0,"['GIK17790_3', 'SO35_2_102KL']"
511,1.1799999999999997,1003.9206330889212,161.0,"['GIK17790_3', 'SO26_189KA']"
512,1.2349999999999999,7485.778614383462,247.0,"['GIK17790_3', 'SO35_2_272KL']"
513,0.13329999999999975,7612.125612717091,273.0,"['GIK17790_3', 'SO35_2_211KL']"
514,0.5274999999999999,1846.7676349505707,208.0,"['GIK17790_3', 'SO12_98']"
515,1.0199999999999996,2626.3431652307054,164.0,"['GIK17790_3', 'SO12_229']"
516,0.9466999999999999,3795.8100004090315,47.0,"['GIK17790_3', 'TR163_31']"
517,1.065,3740.0062866809935,218.0,"['GIK17790_3', 'SO26_131KA']"
518,0.8013999999999997,3874.3047341304114,700.0,"['GIK17790_3', 'SO26_127KA']"
519,0.14000000000000012,481.97311854346174,261.0,"['GIK17304_1', 'GIK17790_3']"
520,0.11249999999999982,481.97311854346174,261.0,"['GIK17304_2', 'GIK17790_3']"
521,0.7699999999999996,3448.908123306702,395.0,"['GIK17790_3', 'GeoB3388_1']"
522,0.2283000000000004,698.4014692562079,245.0,"['GIK17790_3', 'SO26_222KA']"
523,0.7399999999999998,7612.122648552031,153.0,"['GIK17790_3', 'SO35_2_182KL']"
524,0.7899999999999996,2380.752190061033,944.0,"['GIK17790_3', 'SO26_141KA']"
525,0.8699999999999997,2759.4908954208177,347.0,"['GIK17790_3', 'h96-tk1']"
526,1.1799999999999997,2911.7654973176077,697.0,"['GIK17790_3', 'h96-tg3']"
527,1.17,3051.2694400195737,103.0,"['GIK17790_3', 'h96-tg4']"
528,1.0899999999999999,3465.7704981576558,43.0,"['GIK17790_3', 'h96-tg7']"
529,1.0699999999999998,11204.185768803653,946.0,"['GIK17790_3', 'GeoB17424-2']"
530,0.27,13.538180057255005,215.0,"['SO35_2_101KL', 'SO35_2_102KL']"
531,0.16999999999999993,6664.6896581998235,199.0,"['SO26_189KA', 'SO35_2_101KL']"
532,0.2250000000000001,883.3928406966917,285.0,"['SO35_2_101KL', 'SO35_2_272KL']"
533,0.8767,1066.0583211015294,235.0,"['SO35_2_101KL', 'SO35_2_211KL']"
534,0.48249999999999993,7281.0340160874575,246.0,"['SO12_98', 'SO35_2_101KL']"
535,0.009999999999999787,8132.288071388841,202.0,"['SO12_229', 'SO35_2_101KL']"
536,0.06329999999999991,10199.811421506298,85.0,"['SO35_2_101KL', 'TR163_31']"
537,0.05500000000000016,10107.023870971936,256.0,"['SO26_131KA', 'SO35_2_101KL']"
538,0.20860000000000012,10150.632376609381,662.0,"['SO26_127KA', 'SO35_2_101KL']"
539,1.15,7165.669152257334,299.0,"['GIK17304_1', 'SO35_2_101KL']"
540,0.8975,7165.669152257334,299.0,"['GIK17304_2', 'SO35_2_101KL']"
541,0.2400000000000002,10076.423883498497,433.0,"['GeoB3388_1', 'SO35_2_101KL']"
542,1.2383000000000002,6237.67282168449,207.0,"['SO26_222KA', 'SO35_2_101KL']"
543,0.27,1058.7243327040694,115.0,"['SO35_2_101KL', 'SO35_2_182KL']"
544,0.2200000000000002,8381.74028697608,982.0,"['SO26_141KA', 'SO35_2_101KL']"
545,0.14000000000000012,9479.215004108977,385.0,"['SO35_2_101KL', 'h96-tk1']"
546,0.16999999999999993,9636.824499871667,659.0,"['SO35_2_101KL', 'h96-tg3']"
547,0.16000000000000014,9784.41930344041,65.0,"['SO35_2_101KL', 'h96-tg4']"
548,0.08000000000000007,10203.750913263002,5.0,"['SO35_2_101KL', 'h96-tg7']"
549,0.06000000000000005,4491.394289667831,908.0,"['GeoB17424-2', 'SO35_2_101KL']"
550,0.10000000000000009,6677.770325176734,414.0,"['SO26_189KA', 'SO35_2_102KL']"
551,0.04499999999999993,871.5406874229957,500.0,"['SO35_2_102KL', 'SO35_2_272KL']"
552,1.1467,1054.5691116749913,20.0,"['SO35_2_102KL', 'SO35_2_211KL']"
553,0.7525,7293.5504491086585,461.0,"['SO12_98', 'SO35_2_102KL']"
554,0.26000000000000023,8144.411186101761,417.0,"['SO12_229', 'SO35_2_102KL']"
555,0.33329999999999993,10212.594901846434,300.0,"['SO35_2_102KL', 'TR163_31']"
556,0.21499999999999986,10119.756062105072,471.0,"['SO26_131KA', 'SO35_2_102KL']"
557,0.47860000000000014,10163.19864463729,447.0,"['SO26_127KA', 'SO35_2_102KL']"
558,1.42,7179.1962901450115,514.0,"['GIK17304_1', 'SO35_2_102KL']"
559,1.1675,7179.1962901450115,514.0,"['GIK17304_2', 'SO35_2_102KL']"
560,0.5100000000000002,10089.93554892269,648.0,"['GeoB3388_1', 'SO35_2_102KL']"
561,1.5083000000000002,6251.0168196118175,8.0,"['SO26_222KA', 'SO35_2_102KL']"
562,0.54,1047.160295496988,100.0,"['SO35_2_102KL', 'SO35_2_182KL']"
563,0.4900000000000002,8394.348636460005,1197.0,"['SO26_141KA', 'SO35_2_102KL']"
564,0.41000000000000014,9492.748192127532,600.0,"['SO35_2_102KL', 'h96-tk1']"
565,0.10000000000000009,9650.35467356896,444.0,"['SO35_2_102KL', 'h96-tg3']"
566,0.10999999999999988,9797.93961065449,150.0,"['SO35_2_102KL', 'h96-tg4']"
567,0.18999999999999995,10217.244530440947,210.0,"['SO35_2_102KL', 'h96-tg7']"
568,0.20999999999999996,4477.865682688885,693.0,"['GeoB17424-2', 'SO35_2_102KL']"
569,0.05500000000000016,7319.0667132234785,86.0,"['SO26_189KA', 'SO35_2_272KL']"
570,1.0467,7419.877528780889,434.0,"['SO26_189KA', 'SO35_2_211KL']"
571,0.6524999999999999,960.543637323266,47.0,"['SO12_98', 'SO26_189KA']"
572,0.16000000000000014,1874.9688600103975,3.0,"['SO12_229', 'SO26_189KA']"
573,0.23329999999999984,3564.049032714447,114.0,"['SO26_189KA', 'TR163_31']"
574,0.11499999999999977,3481.5935810339292,57.0,"['SO26_131KA', 'SO26_189KA']"
575,0.37860000000000005,3561.686900183826,861.0,"['SO26_127KA', 'SO26_189KA']"
576,1.3199999999999998,1338.0359102606103,100.0,"['GIK17304_1', 'SO26_189KA']"
577,1.0675,1338.0359102606103,100.0,"['GIK17304_2', 'SO26_189KA']"
578,0.41000000000000014,3935.8657699213963,234.0,"['GeoB3388_1', 'SO26_189KA']"
579,1.4083,651.6770300545483,406.0,"['SO26_189KA', 'SO26_222KA']"
580,0.43999999999999995,7422.093469980069,314.0,"['SO26_189KA', 'SO35_2_182KL']"
581,0.3900000000000001,1838.2708964590738,783.0,"['SO26_141KA', 'SO26_189KA']"
582,0.31000000000000005,3145.549243231901,186.0,"['SO26_189KA', 'h96-tk1']"
583,0.0,3270.5608596831707,858.0,"['SO26_189KA', 'h96-tg3']"
584,0.009999999999999787,3366.6454064865966,264.0,"['SO26_189KA', 'h96-tg4']"
585,0.08999999999999986,3703.7437564611114,204.0,"['SO26_189KA', 'h96-tg7']"
586,0.10999999999999988,10995.715329257322,1107.0,"['GeoB17424-2', 'SO26_189KA']"
587,1.1017000000000001,189.79475841960763,520.0,"['SO35_2_211KL', 'SO35_2_272KL']"
588,0.7075,7850.952230984324,39.0,"['SO12_98', 'SO35_2_272KL']"
589,0.2150000000000003,8648.44722056774,83.0,"['SO12_229', 'SO35_2_272KL']"
590,0.2883,10789.792024496082,200.0,"['SO35_2_272KL', 'TR163_31']"
591,0.16999999999999993,10690.016642157436,29.0,"['SO26_131KA', 'SO35_2_272KL']"
592,0.4336000000000002,10710.174977601493,947.0,"['SO26_127KA', 'SO35_2_272KL']"
593,1.375,7929.605990000886,14.0,"['GIK17304_1', 'SO35_2_272KL']"
594,1.1225,7929.605990000886,14.0,"['GIK17304_2', 'SO35_2_272KL']"
595,0.4650000000000003,10875.784844089176,148.0,"['GeoB3388_1', 'SO35_2_272KL']"
596,1.4633000000000003,6943.894124805026,492.0,"['SO26_222KA', 'SO35_2_272KL']"
597,0.4950000000000001,180.1154687259305,400.0,"['SO35_2_182KL', 'SO35_2_272KL']"
598,0.4450000000000003,8957.026532478458,697.0,"['SO26_141KA', 'SO35_2_272KL']"
599,0.3650000000000002,10243.006990221813,100.0,"['SO35_2_272KL', 'h96-tk1']"
600,0.05500000000000016,10397.001781230303,944.0,"['SO35_2_272KL', 'h96-tg3']"
601,0.06499999999999995,10536.46119192834,350.0,"['SO35_2_272KL', 'h96-tg4']"
602,0.14500000000000002,10940.442389042248,290.0,"['SO35_2_272KL', 'h96-tg7']"
603,0.16500000000000004,3718.5323969753813,1193.0,"['GeoB17424-2', 'SO35_2_272KL']"
604,0.3942000000000001,7928.984248953144,481.0,"['SO12_98', 'SO35_2_211KL']"
605,0.8866999999999998,8711.401579497287,437.0,"['SO12_229', 'SO35_2_211KL']"
606,0.8134000000000001,10867.543487742354,320.0,"['SO35_2_211KL', 'TR163_31']"
607,0.9317000000000002,10766.101281385669,491.0,"['SO26_131KA', 'SO35_2_211KL']"
608,0.6680999999999999,10780.086243999536,427.0,"['SO26_127KA', 'SO35_2_211KL']"
609,0.2732999999999999,8060.222540708569,534.0,"['GIK17304_1', 'SO35_2_211KL']"
610,0.02079999999999993,8060.222540708569,534.0,"['GIK17304_2', 'SO35_2_211KL']"
611,0.6366999999999998,11015.096981161125,668.0,"['GeoB3388_1', 'SO35_2_211KL']"
612,0.36160000000000014,7059.283174857489,28.0,"['SO26_222KA', 'SO35_2_211KL']"
613,0.6067,13.3113547663696,120.0,"['SO35_2_182KL', 'SO35_2_211KL']"
614,0.6566999999999998,9034.263859782835,1217.0,"['SO26_141KA', 'SO35_2_211KL']"
615,0.7366999999999999,10371.176208797253,620.0,"['SO35_2_211KL', 'h96-tk1']"
616,1.0467,10523.874256138253,424.0,"['SO35_2_211KL', 'h96-tg3']"
617,1.0367000000000002,10660.641134929605,170.0,"['SO35_2_211KL', 'h96-tg4']"
618,0.9567000000000001,11059.429768289268,230.0,"['SO35_2_211KL', 'h96-tg7']"
619,0.9367000000000001,3596.597530650729,673.0,"['GeoB17424-2', 'SO35_2_211KL']"
620,0.4924999999999997,948.3009001449212,44.0,"['SO12_229', 'SO12_98']"
621,0.4192,2938.9970341338585,161.0,"['SO12_98', 'TR163_31']"
622,0.5375000000000001,2839.234792861585,10.0,"['SO12_98', 'SO26_131KA']"
623,0.2738999999999998,2870.2581619139037,908.0,"['SO12_98', 'SO26_127KA']"
624,0.6675,2025.0758302815218,53.0,"['GIK17304_1', 'SO12_98']"
625,0.41500000000000004,2025.0758302815218,53.0,"['GIK17304_2', 'SO12_98']"
626,0.24249999999999972,3956.135950290799,187.0,"['GeoB3388_1', 'SO12_98']"
627,0.7558000000000002,1611.1961722984042,453.0,"['SO12_98', 'SO26_222KA']"
628,0.2124999999999999,7932.972163143594,361.0,"['SO12_98', 'SO35_2_182KL']"
629,0.26249999999999973,1106.147688435559,736.0,"['SO12_98', 'SO26_141KA']"
630,0.3424999999999998,3129.893926873132,139.0,"['SO12_98', 'h96-tk1']"
631,0.6524999999999999,3215.7980281517684,905.0,"['SO12_98', 'h96-tg3']"
632,0.6425000000000001,3260.4778632126017,311.0,"['SO12_98', 'h96-tg4']"
633,0.5625,3494.2986768855903,251.0,"['SO12_98', 'h96-tg7']"
634,0.5425,11421.061199971778,1154.0,"['GeoB17424-2', 'SO12_98']"
635,0.0732999999999997,2213.6116732129894,117.0,"['SO12_229', 'TR163_31']"
636,0.04500000000000037,2101.6557216416372,54.0,"['SO12_229', 'SO26_131KA']"
637,0.2185999999999999,2080.187390335568,864.0,"['SO12_229', 'SO26_127KA']"
638,1.1599999999999997,2673.904945103898,97.0,"['GIK17304_1', 'SO12_229']"
639,0.9074999999999998,2673.904945103898,97.0,"['GIK17304_2', 'SO12_229']"
640,0.25,3819.699697722882,231.0,"['GeoB3388_1', 'SO12_229']"
641,1.2483,2523.3387739586283,409.0,"['SO12_229', 'SO26_222KA']"
642,0.2799999999999998,8716.480097407351,317.0,"['SO12_229', 'SO35_2_182KL']"
643,0.22999999999999998,597.0300027411129,780.0,"['SO12_229', 'SO26_141KA']"
644,0.1499999999999999,3025.3179864895656,183.0,"['SO12_229', 'h96-tk1']"
645,0.16000000000000014,3063.536446990045,861.0,"['SO12_229', 'h96-tg3']"
646,0.15000000000000036,3052.1067134241634,267.0,"['SO12_229', 'h96-tg4']"
647,0.07000000000000028,3161.108491407528,207.0,"['SO12_229', 'h96-tg7']"
648,0.050000000000000266,12105.887120839196,1110.0,"['GeoB17424-2', 'SO12_229']"
649,0.11830000000000007,117.46836791279156,171.0,"['SO26_131KA', 'TR163_31']"
650,0.1453000000000002,295.0114338682848,747.0,"['SO26_127KA', 'TR163_31']"
651,1.0867,3536.8633274675144,214.0,"['GIK17304_1', 'TR163_31']"
652,0.8342,3536.8633274675144,214.0,"['GIK17304_2', 'TR163_31']"
653,0.1767000000000003,2535.8775340502734,348.0,"['GeoB3388_1', 'TR163_31']"
654,1.1750000000000003,4084.6642089727197,292.0,"['SO26_222KA', 'TR163_31']"
655,0.2067000000000001,10871.627957627357,200.0,"['SO35_2_182KL', 'TR163_31']"
656,0.15670000000000028,1833.2903046006716,897.0,"['SO26_141KA', 'TR163_31']"
657,0.07670000000000021,2088.5703441651526,300.0,"['TR163_31', 'h96-tk1']"
658,0.23329999999999984,1996.1697995541174,744.0,"['TR163_31', 'h96-tg3']"
659,0.22330000000000005,1854.4918278956438,150.0,"['TR163_31', 'h96-tg4']"
660,0.14329999999999998,1617.3452878013477,90.0,"['TR163_31', 'h96-tg7']"
661,0.12329999999999997,14317.15258341148,993.0,"['GeoB17424-2', 'TR163_31']"
662,0.2636000000000003,223.19585240543,918.0,"['SO26_127KA', 'SO26_131KA']"
663,1.205,3493.751179417138,43.0,"['GIK17304_1', 'SO26_131KA']"
664,0.9525000000000001,3493.751179417138,43.0,"['GIK17304_2', 'SO26_131KA']"
665,0.2950000000000004,2605.5011042268857,177.0,"['GeoB3388_1', 'SO26_131KA']"
666,1.2933000000000003,4011.7428116981678,463.0,"['SO26_131KA', 'SO26_222KA']"
667,0.3250000000000002,10770.304796048307,371.0,"['SO26_131KA', 'SO35_2_182KL']"
668,0.27500000000000036,1733.0872296806576,726.0,"['SO26_131KA', 'SO26_141KA']"
669,0.19500000000000028,2126.939045799859,129.0,"['SO26_131KA', 'h96-tk1']"
670,0.11499999999999977,2042.012321255313,915.0,"['SO26_131KA', 'h96-tg3']"
671,0.10499999999999998,1906.9874424009627,321.0,"['SO26_131KA', 'h96-tg4']"
672,0.02499999999999991,1692.4762541547648,261.0,"['SO26_131KA', 'h96-tg7']"
673,0.004999999999999893,14206.74665207686,1164.0,"['GeoB17424-2', 'SO26_131KA']"
674,0.9413999999999998,3648.532846717923,961.0,"['GIK17304_1', 'SO26_127KA']"
675,0.6888999999999998,3648.532846717923,961.0,"['GIK17304_2', 'SO26_127KA']"
676,0.031400000000000095,2825.0294187968148,1095.0,"['GeoB3388_1', 'SO26_127KA']"
677,1.0297,4112.651433113829,455.0,"['SO26_127KA', 'SO26_222KA']"
678,0.0613999999999999,10784.73289249627,547.0,"['SO26_127KA', 'SO35_2_182KL']"
679,0.011400000000000077,1769.67056074973,1644.0,"['SO26_127KA', 'SO26_141KA']"
680,0.0686,2349.017008941069,1047.0,"['SO26_127KA', 'h96-tk1']"
681,0.37860000000000005,2265.0745069927707,3.0,"['SO26_127KA', 'h96-tg3']"
682,0.36860000000000026,2130.1091429744924,597.0,"['SO26_127KA', 'h96-tg4']"
683,0.2886000000000002,1909.1494571330757,657.0,"['SO26_127KA', 'h96-tg7']"
684,0.26860000000000017,14177.685131089514,246.0,"['GeoB17424-2', 'SO26_127KA']"
685,0.9099999999999997,2979.027650978979,134.0,"['GIK17304_1', 'GeoB3388_1']"
686,0.08830000000000027,1170.6639324934456,506.0,"['GIK17304_1', 'SO26_222KA']"
687,0.8799999999999999,8059.824688135836,414.0,"['GIK17304_1', 'SO35_2_182KL']"
688,0.9299999999999997,2325.938685894454,683.0,"['GIK17304_1', 'SO26_141KA']"
689,1.0099999999999998,2314.9603448064627,86.0,"['GIK17304_1', 'h96-tk1']"
690,1.3199999999999998,2471.4297074118504,958.0,"['GIK17304_1', 'h96-tg3']"
691,1.31,2619.6157998395115,364.0,"['GIK17304_1', 'h96-tg4']"
692,1.23,3048.4427900148826,304.0,"['GIK17304_1', 'h96-tg7']"
693,1.21,11645.347804941803,1207.0,"['GIK17304_1', 'GeoB17424-2']"
694,0.6574999999999998,2979.027650978979,134.0,"['GIK17304_2', 'GeoB3388_1']"
695,0.3408000000000002,1170.6639324934456,506.0,"['GIK17304_2', 'SO26_222KA']"
696,0.6275,8059.824688135836,414.0,"['GIK17304_2', 'SO35_2_182KL']"
697,0.6774999999999998,2325.938685894454,683.0,"['GIK17304_2', 'SO26_141KA']"
698,0.7574999999999998,2314.9603448064627,86.0,"['GIK17304_2', 'h96-tk1']"
699,1.0675,2471.4297074118504,958.0,"['GIK17304_2', 'h96-tg3']"
700,1.0575,2619.6157998395115,364.0,"['GIK17304_2', 'h96-tg4']"
701,0.9775,3048.4427900148826,304.0,"['GIK17304_2', 'h96-tg7']"
702,0.9575,11645.347804941803,1207.0,"['GIK17304_2', 'GeoB17424-2']"
703,0.9983,4082.4395774759337,640.0,"['GeoB3388_1', 'SO26_222KA']"
704,0.029999999999999805,11013.893047578127,548.0,"['GeoB3388_1', 'SO35_2_182KL']"
705,0.020000000000000018,3224.077366935231,549.0,"['GeoB3388_1', 'SO26_141KA']"
706,0.10000000000000009,826.2677701092209,48.0,"['GeoB3388_1', 'h96-tk1']"
707,0.41000000000000014,757.8850682636262,1092.0,"['GeoB3388_1', 'h96-tg3']"
708,0.40000000000000036,782.2950686788124,498.0,"['GeoB3388_1', 'h96-tg4']"
709,0.3200000000000003,923.9280735023091,438.0,"['GeoB3388_1', 'h96-tg7']"
710,0.30000000000000027,14566.101890518114,1341.0,"['GeoB17424-2', 'GeoB3388_1']"
711,0.9683000000000002,7060.258131156533,92.0,"['SO26_222KA', 'SO35_2_182KL']"
712,1.0183,2442.549126820286,1189.0,"['SO26_141KA', 'SO26_222KA']"
713,1.0983,3349.5152420827376,592.0,"['SO26_222KA', 'h96-tk1']"
714,1.4083,3492.764719641656,452.0,"['SO26_222KA', 'h96-tg3']"
715,1.3983000000000003,3615.981501600106,142.0,"['SO26_222KA', 'h96-tg4']"
716,1.3183000000000002,4001.4069887345563,202.0,"['SO26_222KA', 'h96-tg7']"
717,1.2983000000000002,10655.240879720517,701.0,"['GeoB17424-2', 'SO26_222KA']"
718,0.04999999999999982,9038.339484106229,1097.0,"['SO26_141KA', 'SO35_2_182KL']"
719,0.1299999999999999,10371.061661565878,500.0,"['SO35_2_182KL', 'h96-tk1']"
720,0.43999999999999995,10523.885803516225,544.0,"['SO35_2_182KL', 'h96-tg3']"
721,0.43000000000000016,10660.907620211032,50.0,"['SO35_2_182KL', 'h96-tg4']"
722,0.3500000000000001,11060.179715765442,110.0,"['SO35_2_182KL', 'h96-tg7']"
723,0.33000000000000007,3595.922625676765,793.0,"['GeoB17424-2', 'SO35_2_182KL']"
724,0.08000000000000007,2428.3033673575296,597.0,"['SO26_141KA', 'h96-tk1']"
725,0.3900000000000001,2467.348473969583,1641.0,"['SO26_141KA', 'h96-tg3']"
726,0.38000000000000034,2459.5002690671963,1047.0,"['SO26_141KA', 'h96-tg4']"
727,0.30000000000000027,2588.3282897185913,987.0,"['SO26_141KA', 'h96-tg7']"
728,0.28000000000000025,12508.851260154031,1890.0,"['GeoB17424-2', 'SO26_141KA']"
729,0.31000000000000005,164.1732245498792,1044.0,"['h96-tg3', 'h96-tk1']"
730,0.30000000000000027,341.86061147043796,450.0,"['h96-tg4', 'h96-tk1']"
731,0.2200000000000002,801.8292990278997,390.0,"['h96-tg7', 'h96-tk1']"
732,0.20000000000000018,13959.999494009478,1293.0,"['GeoB17424-2', 'h96-tk1']"
733,0.009999999999999787,182.94685901862553,594.0,"['h96-tg3', 'h96-tg4']"
734,0.08999999999999986,640.2807163571588,654.0,"['h96-tg3', 'h96-tg7']"
735,0.10999999999999988,14114.842267771965,249.0,"['GeoB17424-2', 'h96-tg3']"
736,0.08000000000000007,460.1435819039913,60.0,"['h96-tg4', 'h96-tg7']"
737,0.10000000000000009,14254.991762816258,843.0,"['GeoB17424-2', 'h96-tg4']"
738,0.020000000000000018,14655.987888230553,903.0,"['GeoB17424-2', 'h96-tg7']"
