,latitude,longitude,depth,d13C,Core,speciesNam,age_calkaB,d18O,Author,FileName,sitename,datadoi,predicted_cluster,cluster,cen_x,cen_y,c
0,-36.22,-73.68,1016,0.62,1234A 1H-1,"Cib.w, wuellerstorfi, CW",,2.66,,,,,0,0,2.7160713812868216,0.24484144573643407,#DF2020
1,-36.17,-73.57,509,0.67,RR970245P,"Cib.w, wuellerstorfi, CW",,3.22,,,,,2,0,2.7160713812868216,0.24484144573643407,#DF2020
2,-23.61,-73.61,3396,0.15,RR9702A-50MC2,"Cib.w, wuellerstorfi, CW",,3.17,,,,,2,0,2.7160713812868216,0.24484144573643407,#DF2020
3,-21.36,-81.44,1323,0.18,R9702A55T,"Cib.w, wuellerstorfi, CW",,3.03,,,,,2,0,2.7160713812868216,0.24484144573643407,#DF2020
4,-20.88,-81.5,2450,0.23,RR9702-61T,"Cib.w, wuellerstorfi, CW",,3.19,,,,,2,0,2.7160713812868216,0.24484144573643407,#DF2020
5,-18.09,-79.04,2901,-0.08,RR9702-63T,"Cib.w, wuellerstorfi, CW",,3.26,,,,,2,0,2.7160713812868216,0.24484144573643407,#DF2020
6,-14.8,-113.5,3044,0.09,GS7202-35,"Cib.w, wuellerstorfi, CW",,3.05,,,,,2,0,2.7160713812868216,0.24484144573643407,#DF2020
7,-13.17,-77.26,1419,0.27,RR9702-83MC,"Cib.w, wuellerstorfi, CW",,2.82,,,,,0,0,2.7160713812868216,0.24484144573643407,#DF2020
8,-12.78,-107.93,3603,-0.08,GS7202-29,"Cib.w, wuellerstorfi, CW",,3.12,,,,,2,0,2.7160713812868216,0.24484144573643407,#DF2020
9,-7.56,-100.4,3961,-0.22,GS7202-22,"Cib.w, wuellerstorfi, CW",,2.39,,,,,0,0,2.7160713812868216,0.24484144573643407,#DF2020
10,-6.38,-106.94,3175,0.37,Y71-9-101,"Cib.w, wuellerstorfi, CW",,2.6,,,,,0,0,2.7160713812868216,0.24484144573643407,#DF2020
11,-2.3,-97.93,3371,0.21,GS7202-17,"Cib.w, wuellerstorfi, CW",,2.6,,,,,0,0,2.7160713812868216,0.24484144573643407,#DF2020
12,-1.85,-82.79,2203,0.2,ME05A-25MC,"Cib.w, wuellerstorfi, CW",,2.75,,,,,0,0,2.7160713812868216,0.24484144573643407,#DF2020
13,-1.84,-139.71,4354,0.19,TTN13-18PC,"Cib.w, wuellerstorfi, CW",,2.4,,,,,0,0,2.7160713812868216,0.24484144573643407,#DF2020
14,-1.42,146.4,1900,0.45,MD97-2138,"Cib.w, wuellerstorfi, CW",,2.5,,,,,0,0,2.7160713812868216,0.24484144573643407,#DF2020
15,-0.67,-82.08,1415,0.44,1239A 1H-1,"Cib.w, wuellerstorfi, CW",,2.630811691,,,,,0,0,2.7160713812868216,0.24484144573643407,#DF2020
16,-0.51,-82.0,1343,0.42,ME0005A-29MC,"Cib.w, wuellerstorfi, CW",,2.604,,,,,0,0,2.7160713812868216,0.24484144573643407,#DF2020
17,-0.47,-82.07,1373,0.36,V19-27-TC,"Cib.w, wuellerstorfi, CW",,2.33,,,,,0,0,2.7160713812868216,0.24484144573643407,#DF2020
18,-0.1,-95.65,3231,0.18,RC13-110,"Cib.w, wuellerstorfi, CW",,2.74,,,,,0,0,2.7160713812868216,0.24484144573643407,#DF2020
19,0.08,-86.48,2740,-0.01,Y69-71P,"Cib.w, wuellerstorfi, CW",,2.71,,,,,0,0,2.7160713812868216,0.24484144573643407,#DF2020
20,0.11,-139.4,4298,0.27,TTN13-72PC,"Cib.w, wuellerstorfi, CW",,2.39,,,,,0,0,2.7160713812868216,0.24484144573643407,#DF2020
21,0.18,-110.52,3839,0.22,849B01H1,"Cib.w, wuellerstorfi, CW",,3.01,,,,,2,0,2.7160713812868216,0.24484144573643407,#DF2020
22,0.95,-138.96,4287,0.12,W8402A-14GC,"Cib.w, wuellerstorfi, CW",,2.64,,,,,0,0,2.7160713812868216,0.24484144573643407,#DF2020
23,1.87,-82.78,2202,0.33,1238B-1H-1,"Cib.w, wuellerstorfi, CW",,2.923987389,,,,,2,0,2.7160713812868216,0.24484144573643407,#DF2020
24,2.98,-86.56,2870,-0.04,Y69-106P,"Cib.w, wuellerstorfi, CW",,2.796666667,,,,,0,0,2.7160713812868216,0.24484144573643407,#DF2020
25,3.21,-86.49,2675,0.2,ME0005A-20MC,"Cib.w, wuellerstorfi, CW",,2.795,,,,,0,0,2.7160713812868216,0.24484144573643407,#DF2020
26,5.35,-110.09,3846,-0.13,VNTR01-4PC,"Cib.w, wuellerstorfi, CW",,2.91,,,,,2,0,2.7160713812868216,0.24484144573643407,#DF2020
27,5.38,-98.99,3410,-0.24,GS7202-14,"Cib.w, wuellerstorfi, CW",,3.31,,,,,2,0,2.7160713812868216,0.24484144573643407,#DF2020
28,5.85,-86.45,2045,0.21,ME05A-14MC,"Cib.w, wuellerstorfi, CW",,2.936,,,,,2,0,2.7160713812868216,0.24484144573643407,#DF2020
29,7.32,-84.11,1003,0.35,ME05A-38MC,"Cib.w, wuellerstorfi, CW",,2.92,,,,,2,0,2.7160713812868216,0.24484144573643407,#DF2020
30,7.86,-83.61,1368,0.4,ME0005A-43JC,"Cib.w, wuellerstorfi, CW",,2.595,,,,,0,0,2.7160713812868216,0.24484144573643407,#DF2020
31,15.58,-95.28,1079,0.28,ME05A,"Cib.w, wuellerstorfi, CW",,2.74,,,,,0,0,2.7160713812868216,0.24484144573643407,#DF2020
32,23.73,-112.44,3054,0.03,Y74-2-22,"Cib.w, wuellerstorfi, CW",,2.91,,,,,2,0,2.7160713812868216,0.24484144573643407,#DF2020
33,33.35,-120.43,1430,0.02,V1-81-G15,"Cib.w, wuellerstorfi, CW",,2.41,,,,,0,0,2.7160713812868216,0.24484144573643407,#DF2020
34,34.55,-121.11,938,-0.02,EW950412P,"Cib.w, wuellerstorfi, CW",,3.02,,,,,2,0,2.7160713812868216,0.24484144573643407,#DF2020
35,36.99,-123.27,2510,-0.01,EW9504-13,"Cib.w, wuellerstorfi, CW",,3.13,,,,,2,0,2.7160713812868216,0.24484144573643407,#DF2020
36,41.0,-126.44,3075,-0.21,EW9504-18,"Cib.w, wuellerstorfi, CW",,2.52,,,,,0,0,2.7160713812868216,0.24484144573643407,#DF2020
37,56.99,-135.48,216,0.94,EW0408-40JC,"Cib.w, wuellerstorfi, CW",,1.317645907,,,,,1,1,2.004168434173913,1.4730074782608695,#81DF20
38,-3.58,-83.93,2673,0.02,V19-29,"Cib spp, cib",,2.6,,,,,0,0,2.7160713812868216,0.24484144573643407,#DF2020
39,-3.38,-83.35,3091,0.03,V19-30,"Cib spp, cib",,2.69,,,,,0,0,2.7160713812868216,0.24484144573643407,#DF2020
40,-2.37,-84.65,2720,0.19,V19-28,"Cib spp, cib",,2.61,,,,,0,0,2.7160713812868216,0.24484144573643407,#DF2020
41,-1.62,159.23,2169,0.25,ERDC-112,"Cib.w, wuellerstorfi, CW",,2.82,,,,,0,0,2.7160713812868216,0.24484144573643407,#DF2020
42,0.68,-108.62,3588,0.42,RC10-65,"Cib spp, cib",,2.64,,,,,0,0,2.7160713812868216,0.24484144573643407,#DF2020
43,41.27,-126.4,2743,0.01,Y69-10-2,"Cib spp, cib",,2.83,,,,,0,0,2.7160713812868216,0.24484144573643407,#DF2020
44,-45.99,-177.99,2830,0.47,Q208,"Cib.w, wuellerstorfi, CW",2.2098,3.1162,"Winn, Kyaw (2013)",811792.txt,S_site_Q208_AR,doi:10.1594/PANGAEA.811792,2,0,2.7160713812868216,0.24484144573643407,#DF2020
45,-36.92,177.43,2045,0.38,H214,"Cib spp, cib",2.8683,2.6067,Catherine R. Samson,h214-tab.txt,S_site_H214,,0,0,2.7160713812868216,0.24484144573643407,#DF2020
46,-32.74,-72.33,2463,-0.3,GIK17747_2,"Cib.w, wuellerstorfi, CW",4.1909,3.2637,"Winn, Kyaw (2013)",815877.txt,S_site_GIK17747_2,see_info_in_citation,2,0,2.7160713812868216,0.24484144573643407,#DF2020
47,-32.74,-72.33,2464,0.24,GIK17747_1,"Cib.w, wuellerstorfi, CW",1.1491,2.9433,"Winn, Kyaw (2013)",815874.txt,S_site_GIK17747_1,see_info_in_citation,2,0,2.7160713812868216,0.24484144573643407,#DF2020
48,-27.22,-110.08,3163,0.13,GIK17790_3,"Cib.w, wuellerstorfi, CW",5.6,3.76,"Winn, Kyaw (2013)",816484.txt,S_site_GIK17790_3,see_info_in_citation,2,0,2.7160713812868216,0.24484144573643407,#DF2020
49,-22.45,-177.33,3125,0.66,SO35_2_101KL,kullenbergi,3.353,2.75,"Winn, K, Erlenkeuser, H (2013)",806664.txt,S_site_SO35_2_101KL_AR,"doi:10.1594/PANGAEA.806664,",0,0,2.7160713812868216,0.24484144573643407,#DF2020
50,-22.4,-177.45,2910,0.51,SO35_2_102KL,"Cib.w, wuellerstorfi, CW",2.66,2.48,"Winn, Kyaw (2013)",806861.txt,S_site_SO35_2_102KL_AR,doi:10.1594/PANGAEA.806861,0,0,2.7160713812868216,0.24484144573643407,#DF2020
51,-18.59,-113.08,3324,0.3,SO26_189KA,"Cib.w, wuellerstorfi, CW",5.058,2.58,"Sarnthein, M, Winn, K (2013)",805129.txt,S_site_SO26_189KA_AR,see_info_in_citation,0,0,2.7160713812868216,0.24484144573643407,#DF2020
52,-16.02,177.69,3410,0.33,SO35_2_272KL,"Cib.w, wuellerstorfi, CW",5.395,2.525,"Winn, K (2013)",806902.txt,S_site_SO35_2_272KL_AR,"doi:10.1594/PANGAEA.806902,",0,0,2.7160713812868216,0.24484144573643407,#DF2020
53,-14.39,177.14,2890,0.21,SO35_2_211KL,"Cib.w, wuellerstorfi, CW",2.7403,3.6267,"Winn, Kyaw (2013)",806899.txt,S_site_SO35_2_211KL_AR,doi:10.1594/PANGAEA.806899,2,0,2.7160713812868216,0.24484144573643407,#DF2020
54,-10.54,-109.74,3371,0.08,SO12_98,"Cib.w, wuellerstorfi, CW",3.3525,3.2325,"Winn, Kyaw (2012)",802163.txt,S_site_SO12_98_AR,doi:10.1594/PANGAEA.802163,2,0,2.7160713812868216,0.24484144573643407,#DF2020
55,-4.24,-103.91,3327,0.05,SO12_229,"Cib.w, wuellerstorfi, CW",4.605,2.74,"Winn, Kyaw (2012)",802168.txt,S_site_SO12_229_AR,doi:10.1594/PANGAEA.802168,0,0,2.7160713812868216,0.24484144573643407,#DF2020
56,-3.81,-83.98,3210,-0.01,TR163_31,"Cib spp, cib",3.7667,2.8133,"Curry, WB et al. (1988)",052329.txt,S_site_TR163_31,"doi:10.1594/PANGAEA.52329,",0,0,2.7160713812868216,0.24484144573643407,#DF2020
57,-3.53,-85.0,3381,0.16,SO26_131KA,"Cib.w, wuellerstorfi, CW",3.465,2.695,"Sarnthein, M, Winn, K (2013)",805124.txt,S_site_SO26_131KA_AR,see_info_in_citation,0,0,2.7160713812868216,0.24484144573643407,#DF2020
58,-1.55,-85.39,2463,0.1,SO26_127KA,"Cib.w, wuellerstorfi, CW",2.7069,2.9586,"Sarnthein, M, Winn, K (2012)",804570.txt,S_site_SO26_127KA_AR,"doi:10.1594/PANGAEA.804570,",2,0,2.7160713812868216,0.24484144573643407,#DF2020
59,0.68,-85.84,2706,0.22,SO26_96KA,"Cib.w, wuellerstorfi, CW",2.722,2.686,"Sarnthein, M, Winn, K (2012)",804568.txt,S_site_SO26_96KA_AR,"doi:10.1594/PANGAEA.804568,",0,0,2.7160713812868216,0.24484144573643407,#DF2020
60,2.25,-92.35,2211,0.25,SO26_90KA,"Cib.w, wuellerstorfi, CW",2.4781,2.6344,"Sarnthein, M, Winn, K (1991)",803734.txt,S_site_SO26_90KA_AR,"doi:10.1594/PANGAEA.803734,",0,0,2.7160713812868216,0.24484144573643407,#DF2020
61,2.6,-83.99,3085,0.27,P7,"Cib.w, wuellerstorfi, CW",5.19,3.14,"Winn, Kyaw (2013)",811790.txt,S_site_P7_AR,doi:10.1594/PANGAEA.811790,2,0,2.7160713812868216,0.24484144573643407,#DF2020
62,2.66,-100.25,4027,0.17,SO26_47KA,"Cib.w, wuellerstorfi, CW",2.8667,3.0633,"Sarnthein, M, Winn, K (1988)",803252.txt,S_site_SO26_47KA_AR,"doi:10.1594/PANGAEA.803252,",2,0,2.7160713812868216,0.24484144573643407,#DF2020
63,2.73,-95.19,3200,0.13,SO26_58KA,"Cib.w, wuellerstorfi, CW",3.6733,2.8029,"Sarnthein, M, Winn, K (1991)",803741.txt,S_site_SO26_58KA_AR,"doi:10.1594/PANGAEA.803741,",0,0,2.7160713812868216,0.24484144573643407,#DF2020
64,2.98,-86.55,2870,0.01,Y69_106,"Cib spp, cib",4.455,2.82,Mitchell Lyle,y69-106-tab.txt,S_site_Y69_106_AR,,0,0,2.7160713812868216,0.24484144573643407,#DF2020
65,7.2,112.08,1953,0.041,V35_5,"Cib spp, cib",2.08,2.3597,"Oppo, DW, Fairbanks, RG (1987)",701356.txt,S_site_V35_5,"doi:10.1594/PANGAEA.701356,",0,0,2.7160713812868216,0.24484144573643407,#DF2020
66,9.36,113.29,2772,0.1695,ODP1143,"Cib.w, wuellerstorfi, CW",1.8,2.5045,Jun Tian,odp1143-tab.txt,S_site_ODP1143,,0,0,2.7160713812868216,0.24484144573643407,#DF2020
67,13.12,-103.01,3105,0.29,SO26_12KA,"Cib.w, wuellerstorfi, CW",3.82,2.76,"Sarnthein, M, Winn, K (1988)",803247.txt,S_site_SO26_12KA_AR,"doi:10.1594/PANGAEA.803247,",0,0,2.7160713812868216,0.24484144573643407,#DF2020
68,18.0,111.49,2050,0.07,SCS90_36,"Cib.w, wuellerstorfi, CW",2.8714,2.1943,"Huang, C-Y et al. (1997)",738491.txt,S_site_SCS90_36,"doi:10.1594/PANGAEA.738491,",0,0,2.7160713812868216,0.24484144573643407,#DF2020
69,18.43,115.99,3766,0.32,GIK16520_1,"Cib.w, wuellerstorfi, CW",2.59,2.845,"Winn, K (2013)",807875.txt,S_site_GIK16520_1_AR,"doi:10.1594/PANGAEA.807875,",2,0,2.7160713812868216,0.24484144573643407,#DF2020
70,18.91,115.76,3766,0.24,GIK16527_1,"Cib.w, wuellerstorfi, CW",2.8,2.95,"Winn, K (2013)",807872.txt,S_site_GIK16527_1_AR,"doi:10.1594/PANGAEA.807872,",2,0,2.7160713812868216,0.24484144573643407,#DF2020
71,28.5248,134.1234,2942,0.262,V28_304,"Cib spp, cib",3.3,2.662,"Curry, WB et al. (1988)",052307.txt,S_site_V28_304,"doi:10.1594/PANGAEA.52307,",0,0,2.7160713812868216,0.24484144573643407,#DF2020
72,31.25,-117.58,2042,-0.2,EW9504_02,unassigned,3.045,2.66,Lowell D. Stott,ew950402-tab.txt,S_site_EW9504_02,,0,0,2.7160713812868216,0.24484144573643407,#DF2020
73,31.67,-118.18,1915,-0.2475,AHF16832,unassigned,4.4025,2.6225,Lowell D. Stott,ahf16832-tab.txt,S_site_AHF16832,,0,0,2.7160713812868216,0.24484144573643407,#DF2020
74,32.07,-117.37,1299,-0.21875,EW9504_03,unassigned,1.7875,2.3475,Lowell D. Stott,ew950403-tab.txt,S_site_EW9504_03,,0,0,2.7160713812868216,0.24484144573643407,#DF2020
75,32.28,-118.4,1759,-0.31,EW9504_04,unassigned,3.982,2.468,Lowell D. Stott,ew950404-tab.txt,S_site_EW9504_04,,0,0,2.7160713812868216,0.24484144573643407,#DF2020
76,32.48,-118.13,1818,-0.3,EW9504_05,unassigned,3.8133,2.6233,Lowell D. Stott,ew950405-tab.txt,S_site_EW9504_05,,0,0,2.7160713812868216,0.24484144573643407,#DF2020
77,32.8,-118.8,1442,-0.10167,EW9504_08,unassigned,2.7,2.9033,Lowell D. Stott,ew950408-tab.txt,S_site_EW9504_08,,2,0,2.7160713812868216,0.24484144573643407,#DF2020
78,32.87,-119.97,1194,-0.01,EW9504_09,unassigned,3.2914,2.35,Lowell D. Stott,ew950409-tab.txt,S_site_EW9504_09,,0,0,2.7160713812868216,0.24484144573643407,#DF2020
79,54.36,-148.47,3664,0.18,PAR87A_10,"Cib spp, cib",5.92,2.83,"Zahn, R et al. (1991)",052454.txt,S_site_PAR87A_10,"doi:10.1594/PANGAEA.52454,",0,0,2.7160713812868216,0.24484144573643407,#DF2020
80,-71.15,-119.92,2096,0.43,PS2547_3,"Cib.w, wuellerstorfi, CW",,4.03,"Hillenbrand, C-D et al. (2002)",052718.txt,S_site_PS2547_3_AR,"doi:10.1594/PANGAEA.52718,",2,0,2.7160713812868216,0.24484144573643407,#DF2020
81,-28.36,-105.36,3424,0.14,GIK17304_1,"Cib.w, wuellerstorfi, CW",,3.9,"Winn, Kyaw (2013)",811695.txt,S_site_GIK17304_1,doi:10.1594/PANGAEA.811695,2,0,2.7160713812868216,0.24484144573643407,#DF2020
82,-28.36,-105.36,3424,0.3,GIK17304_2,"Cib.w, wuellerstorfi, CW",,3.6475,"Winn, Kyaw (2013)",811699.txt,S_site_GIK17304_2,doi:10.1594/PANGAEA.811699,2,0,2.7160713812868216,0.24484144573643407,#DF2020
83,-25.22,-75.53,3558,0.17,GeoB3388_1,"Cib.w, wuellerstorfi, CW",,2.99,"Mohtadi, M et al. (2006)",686213.txt,S_site_GeoB3388_1,"doi:10.1594/PANGAEA.686213,",2,0,2.7160713812868216,0.24484144573643407,#DF2020
84,-23.83,-115.94,2918,-0.04,SO26_222KA,kullenbergi,,3.9883,"Sarnthein, Michael, Winn, Kyaw (2013)",805131.txt,S_site_SO26_222KA,see_info_in_citation,2,0,2.7160713812868216,0.24484144573643407,#DF2020
85,-14.5,177.09,3010,0.31,SO35_2_182KL,kullenbergi,9.8,3.02,"Winn, Kyaw (2013)",806897.txt,S_site_SO35_2_182KL_AR,doi:10.1594/PANGAEA.806897,2,0,2.7160713812868216,0.24484144573643407,#DF2020
86,-7.97,-100.01,4107,-0.14,SO26_141KA,"Cib.w, wuellerstorfi, CW",,2.97,"Sarnthein, Michael, Winn, Kyaw (2013)",805126.txt,S_site_SO26_141KA,see_info_in_citation,2,0,2.7160713812868216,0.24484144573643407,#DF2020
87,-2.18,157.0,1614,0.39,MW9109_7BC,"Cib.w, wuellerstorfi, CW",,2.75,"McCorkle, DC, Keigwin, LD (1994)",052668.txt,S_site_MW9109_7BC,see_info_in_citation,0,0,2.7160713812868216,0.24484144573643407,#DF2020
88,0.0,159.48,2445,0.26,MW9109_37BC,"Cib.w, wuellerstorfi, CW",,2.915,"McCorkle, DC, Keigwin, LD (1994)",052668.txt,S_site_MW9109_37BC,see_info_in_citation,2,0,2.7160713812868216,0.24484144573643407,#DF2020
89,0.0,160.0,3393,0.41,MW9109_59BC,"Cib.w, wuellerstorfi, CW",,2.49,"McCorkle, DC, Keigwin, LD (1994)",052668.txt,S_site_MW9109_59BC,see_info_in_citation,0,0,2.7160713812868216,0.24484144573643407,#DF2020
90,0.0,162.22,4341,0.35,MW9109_58BC,"Cib.w, wuellerstorfi, CW",,2.76,"McCorkle, DC, Keigwin, LD (1994)",052668.txt,S_site_MW9109_58BC,see_info_in_citation,0,0,2.7160713812868216,0.24484144573643407,#DF2020
91,0.0,162.7,4440,0.39,MW9109_66BC,"Cib.w, wuellerstorfi, CW",,2.65,"McCorkle, DC, Keigwin, LD (1994)",052668.txt,S_site_MW9109_66BC,see_info_in_citation,0,0,2.7160713812868216,0.24484144573643407,#DF2020
92,0.01,158.91,2301,0.53,MW9109_13BC,"Cib.w, wuellerstorfi, CW",,2.59,"McCorkle, DC, Keigwin, LD (1994)",052668.txt,S_site_MW9109_13BC,see_info_in_citation,0,0,2.7160713812868216,0.24484144573643407,#DF2020
93,0.01,160.45,2959,0.43,MW9109_16BC,"Cib.w, wuellerstorfi, CW",,2.58,"McCorkle, DC, Keigwin, LD (1994)",052668.txt,S_site_MW9109_16BC,see_info_in_citation,0,0,2.7160713812868216,0.24484144573643407,#DF2020
94,0.01,160.64,3158,0.46,MW9109_63BC,"Cib.w, wuellerstorfi, CW",,2.64,"McCorkle, DC, Keigwin, LD (1994)",052668.txt,S_site_MW9109_63BC,see_info_in_citation,0,0,2.7160713812868216,0.24484144573643407,#DF2020
95,0.01,161.39,3711,0.43,MW9109_53BC,"Cib.w, wuellerstorfi, CW",,2.61,"McCorkle, DC, Keigwin, LD (1994)",052668.txt,S_site_MW9109_53BC,see_info_in_citation,0,0,2.7160713812868216,0.24484144573643407,#DF2020
96,1.0,157.85,2015,0.51,MW9109_33BC,"Cib.w, wuellerstorfi, CW",,2.605,"McCorkle, DC, Keigwin, LD (1994)",052668.txt,S_site_MW9109_33BC,see_info_in_citation,0,0,2.7160713812868216,0.24484144573643407,#DF2020
98,5.74,110.74,790,0.3,GIK18288_1,"Cib.w, wuellerstorfi, CW",,1.9,"Cheng, X et al. (2005)",690656.txt,S_site_GIK18288_1,"doi:10.1594/PANGAEA.690656,",0,0,2.7160713812868216,0.24484144573643407,#DF2020
99,5.83,110.83,978,0.26,GIK18289_1,"Cib.w, wuellerstorfi, CW",,1.97,"Cheng, X et al. (2005)",690656.txt,S_site_GIK18289_1,"doi:10.1594/PANGAEA.690656,",0,0,2.7160713812868216,0.24484144573643407,#DF2020
100,5.92,110.92,1124,-0.18,GIK18290_1,"Cib spp, cib",,2.39,"Cheng, X et al. (2005)",690656.txt,S_site_GIK18290_1,"doi:10.1594/PANGAEA.690656,",0,0,2.7160713812868216,0.24484144573643407,#DF2020
101,5.97,110.96,1208,-0.01,GIK18291_1,"Cib spp, cib",,2.35,"Cheng, X et al. (2005)",690656.txt,S_site_GIK18291_1,"doi:10.1594/PANGAEA.690656,",0,0,2.7160713812868216,0.24484144573643407,#DF2020
102,6.16,111.16,1404,-0.65,GIK18293_1,"Cib spp, cib",,2.36,"Cheng, X et al. (2005)",690656.txt,S_site_GIK18293_1,"doi:10.1594/PANGAEA.690656,",0,0,2.7160713812868216,0.24484144573643407,#DF2020
103,6.16,112.21,1556,0.03,GIK17964_1,"Cib spp, cib",,2.44,"Cheng, X et al. (2005)",690656.txt,S_site_GIK17964_1,"doi:10.1594/PANGAEA.690656,",0,0,2.7160713812868216,0.24484144573643407,#DF2020
104,6.16,112.55,889,0.11667,GIK17965_1,"Cib spp, cib",,1.9733,"Cheng, X et al. (2005)",690656.txt,S_site_GIK17965_1,"doi:10.1594/PANGAEA.690656,",0,0,2.7160713812868216,0.24484144573643407,#DF2020
105,6.16,112.55,889,0.12,GIK17965_1,"Cib.w, wuellerstorfi, CW",,1.9733,"Cheng, X et al. (2005)",690656.txt,S_site_GIK17965_1,"doi:10.1594/PANGAEA.690656,",0,0,2.7160713812868216,0.24484144573643407,#DF2020
106,6.17,112.67,1233,0.06,GIK17963_2,"Cib.w, wuellerstorfi, CW",,2.08,"Cheng, X et al. (2005)",690656.txt,S_site_GIK17963_2,"doi:10.1594/PANGAEA.690656,",0,0,2.7160713812868216,0.24484144573643407,#DF2020
107,6.65,111.87,1974,0.14,GIK18268_1,"Cib.w, wuellerstorfi, CW",,2.53,"Cheng, X et al. (2005)",690656.txt,S_site_GIK18268_1,"doi:10.1594/PANGAEA.690656,",0,0,2.7160713812868216,0.24484144573643407,#DF2020
108,7.18,112.08,1970,-0.09,GIK17962_1,"Cib spp, cib",,2.35,"Cheng, X et al. (2005)",690656.txt,S_site_GIK17962_1,"doi:10.1594/PANGAEA.690656,",0,0,2.7160713812868216,0.24484144573643407,#DF2020
109,10.12,115.56,1707,0.19,GIK17960_1,"Cib.w, wuellerstorfi, CW",,2.375,"Cheng, X et al. (2005)",690656.txt,S_site_GIK17960_1,"doi:10.1594/PANGAEA.690656,",0,0,2.7160713812868216,0.24484144573643407,#DF2020
110,10.12,115.56,1707,0.185,GIK17960_1,"Cib spp, cib",,2.375,"Cheng, X et al. (2005)",690656.txt,S_site_GIK17960_1,"doi:10.1594/PANGAEA.690656,",0,0,2.7160713812868216,0.24484144573643407,#DF2020
111,10.9,115.31,2197,0.09,GIK17957_1,"Cib.w, wuellerstorfi, CW",,2.43,"Cheng, X et al. (2005)",690656.txt,S_site_GIK17957_1,"doi:10.1594/PANGAEA.690656,",0,0,2.7160713812868216,0.24484144573643407,#DF2020
112,11.14,115.29,1957,0.18,GIK17959_1,"Cib.w, wuellerstorfi, CW",,2.22,"Cheng, X et al. (2005)",690656.txt,S_site_GIK17959_1,"doi:10.1594/PANGAEA.690656,",0,0,2.7160713812868216,0.24484144573643407,#DF2020
113,11.62,115.08,2581,0.09,GIK17958_1,"Cib.w, wuellerstorfi, CW",,2.43,"Cheng, X et al. (2005)",690656.txt,S_site_GIK17958_1,"doi:10.1594/PANGAEA.690656,",0,0,2.7160713812868216,0.24484144573643407,#DF2020
114,13.85,112.59,3387,-0.91,GIK17956_1,"Cib spp, cib",,2.73,"Cheng, X et al. (2005)",690656.txt,S_site_GIK17956_1,"doi:10.1594/PANGAEA.690656,",0,0,2.7160713812868216,0.24484144573643407,#DF2020
116,14.76,111.53,1517,0.18,GIK17954_1,"Cib.w, wuellerstorfi, CW",,2.46,"Cheng, X et al. (2005)",690656.txt,S_site_GIK17954_1,"doi:10.1594/PANGAEA.690656,",0,0,2.7160713812868216,0.24484144573643407,#DF2020
117,14.76,111.53,1517,0.18,GIK17954_1,"Cib spp, cib",,2.46,"Cheng, X et al. (2005)",690656.txt,S_site_GIK17954_1,"doi:10.1594/PANGAEA.690656,",0,0,2.7160713812868216,0.24484144573643407,#DF2020
118,16.09,112.9,1868,0.3,GIK17950_1,"Cib spp, cib",,2.46,"Cheng, X et al. (2005)",690656.txt,S_site_GIK17950_1,"doi:10.1594/PANGAEA.690656,",0,0,2.7160713812868216,0.24484144573643407,#DF2020
119,16.09,112.9,1868,0.3,GIK17950_1,"Cib.w, wuellerstorfi, CW",,2.46,"Cheng, X et al. (2005)",690656.txt,S_site_GIK17950_1,"doi:10.1594/PANGAEA.690656,",0,0,2.7160713812868216,0.24484144573643407,#DF2020
120,16.29,113.41,2340,0.22,GIK17951_1,"Cib.w, wuellerstorfi, CW",,2.45,"Cheng, X et al. (2005)",690656.txt,S_site_GIK17951_1,"doi:10.1594/PANGAEA.690656,",0,0,2.7160713812868216,0.24484144573643407,#DF2020
121,16.67,114.47,2882,0.26,GIK17952_2,"Cib.w, wuellerstorfi, CW",,2.54,"Cheng, X et al. (2005)",690656.txt,S_site_GIK17952_2,"doi:10.1594/PANGAEA.690656,",0,0,2.7160713812868216,0.24484144573643407,#DF2020
122,17.35,115.17,2195,0.16,GIK17949_1,"Cib.w, wuellerstorfi, CW",,2.33,"Cheng, X et al. (2005)",690656.txt,S_site_GIK17949_1,"doi:10.1594/PANGAEA.690656,",0,0,2.7160713812868216,0.24484144573643407,#DF2020
123,18.13,113.78,2404,0.2,GIK17945_1,"Cib.w, wuellerstorfi, CW",,2.61,"Cheng, X et al. (2005)",690656.txt,S_site_GIK17945_1,"doi:10.1594/PANGAEA.690656,",0,0,2.7160713812868216,0.24484144573643407,#DF2020
124,18.13,114.25,3465,-0.52,GIK17946_1,"Cib spp, cib",,2.57,"Cheng, X et al. (2005)",690656.txt,S_site_GIK17946_1,"doi:10.1594/PANGAEA.690656,",0,0,2.7160713812868216,0.24484144573643407,#DF2020
125,18.27,119.75,2486,0.34,GIK17928_2,"Cib.w, wuellerstorfi, CW",,2.67,"Cheng, X et al. (2005)",690656.txt,S_site_GIK17928_2,"doi:10.1594/PANGAEA.690656,",0,0,2.7160713812868216,0.24484144573643407,#DF2020
126,18.66,113.64,1219,0.295,GIK17944_1,"Cib spp, cib",,2.26,"Cheng, X et al. (2005)",690656.txt,S_site_GIK17944_1,"doi:10.1594/PANGAEA.690656,",0,0,2.7160713812868216,0.24484144573643407,#DF2020
127,18.66,113.64,1219,0.3,GIK17944_1,"Cib.w, wuellerstorfi, CW",,2.26,"Cheng, X et al. (2005)",690656.txt,S_site_GIK17944_1,"doi:10.1594/PANGAEA.690656,",0,0,2.7160713812868216,0.24484144573643407,#DF2020
128,18.88,116.53,3143,0.2,GIK17935_2,"Cib spp, cib",,2.45,"Cheng, X et al. (2005)",690656.txt,S_site_GIK17935_2,"doi:10.1594/PANGAEA.690656,",0,0,2.7160713812868216,0.24484144573643407,#DF2020
129,18.95,117.55,917,0.32,GIK17943_1,"Cib.w, wuellerstorfi, CW",,1.895,"Cheng, X et al. (2005)",690656.txt,S_site_GIK17943_1,"doi:10.1594/PANGAEA.690656,",0,0,2.7160713812868216,0.24484144573643407,#DF2020
130,19.0,118.73,3761,0.12,GIK17926_2,"Cib.w, wuellerstorfi, CW",,2.68,"Cheng, X et al. (2005)",690656.txt,S_site_GIK17926_2,"doi:10.1594/PANGAEA.690656,",0,0,2.7160713812868216,0.24484144573643407,#DF2020
131,19.03,116.46,2665,0.26,GIK17934_1,"Cib.w, wuellerstorfi, CW",,2.57,"Cheng, X et al. (2005)",690656.txt,S_site_GIK17934_1,"doi:10.1594/PANGAEA.690656,",0,0,2.7160713812868216,0.24484144573643407,#DF2020
132,19.33,113.2,329,1.55,GIK17942_1,"Cib.w, wuellerstorfi, CW",,1.0,"Cheng, X et al. (2005)",690656.txt,S_site_GIK17942_1,"doi:10.1594/PANGAEA.690656,",1,1,2.004168434173913,1.4730074782608695,#81DF20
134,19.53,116.23,1972,0.27,GIK17933_2,"Cib.w, wuellerstorfi, CW",,2.63,"Cheng, X et al. (2005)",690656.txt,S_site_GIK17933_2,"doi:10.1594/PANGAEA.690656,",0,0,2.7160713812868216,0.24484144573643407,#DF2020
135,19.79,117.54,2835,0.15,GIK17938_1,"Cib.w, wuellerstorfi, CW",,2.565,"Cheng, X et al. (2005)",690656.txt,S_site_GIK17938_1,"doi:10.1594/PANGAEA.690656,",0,0,2.7160713812868216,0.24484144573643407,#DF2020
136,19.85,119.05,2980,0.18,GIK17925_2,"Cib.w, wuellerstorfi, CW",,2.51,"Cheng, X et al. (2005)",690656.txt,S_site_GIK17925_2,"doi:10.1594/PANGAEA.690656,",0,0,2.7160713812868216,0.24484144573643407,#DF2020
137,19.95,116.04,1365,0.27,GIK17932_1,"Cib.w, wuellerstorfi, CW",,2.38,"Cheng, X et al. (2005)",690656.txt,S_site_GIK17932_1,"doi:10.1594/PANGAEA.690656,",0,0,2.7160713812868216,0.24484144573643407,#DF2020
138,19.97,117.46,2473,0.17,GIK17939_1,"Cib.w, wuellerstorfi, CW",,2.46,"Cheng, X et al. (2005)",690656.txt,S_site_GIK17939_1,"doi:10.1594/PANGAEA.690656,",0,0,2.7160713812868216,0.24484144573643407,#DF2020
139,20.1,115.96,1005,0.28,GIK17931_1,"Cib spp, cib",,2.07,"Cheng, X et al. (2005)",690656.txt,S_site_GIK17931_1,"doi:10.1594/PANGAEA.690656,",0,0,2.7160713812868216,0.24484144573643407,#DF2020
140,20.1,115.96,1005,0.28,GIK17931_1,"Cib.w, wuellerstorfi, CW",,2.07,"Cheng, X et al. (2005)",690656.txt,S_site_GIK17931_1,"doi:10.1594/PANGAEA.690656,",0,0,2.7160713812868216,0.24484144573643407,#DF2020
141,20.12,117.38,1728,0.19,GIK17940_1,"Cib spp, cib",,2.52,"Cheng, X et al. (2005)",690656.txt,S_site_GIK17940_1,"doi:10.1594/PANGAEA.690656,",0,0,2.7160713812868216,0.24484144573643407,#DF2020
142,20.33,115.78,629,0.62,GIK17930_1,"Cib.w, wuellerstorfi, CW",,1.3,"Cheng, X et al. (2005)",690656.txt,S_site_GIK17930_1,"doi:10.1594/PANGAEA.690656,",1,1,2.004168434173913,1.4730074782608695,#81DF20
143,20.68,115.7,371,1.53,GIK17929_1,"Cib spp, cib",,1.23,"Cheng, X et al. (2005)",690656.txt,S_site_GIK17929_1,"doi:10.1594/PANGAEA.690656,",1,1,2.004168434173913,1.4730074782608695,#81DF20
144,21.52,118.48,2201,-0.14,GIK17941_1,"Cib.w, wuellerstorfi, CW",,2.705,"Cheng, X et al. (2005)",690656.txt,S_site_GIK17941_1,"doi:10.1594/PANGAEA.690656,",0,0,2.7160713812868216,0.24484144573643407,#DF2020
145,21.52,118.48,2201,-0.135,GIK17941_1,"Cib spp, cib",,2.705,"Cheng, X et al. (2005)",690656.txt,S_site_GIK17941_1,"doi:10.1594/PANGAEA.690656,",0,0,2.7160713812868216,0.24484144573643407,#DF2020
146,31.62,129.35,700,0.93,CH84_27,"Cib.w, wuellerstorfi, CW",,1.36,Laurent Labeyrie,ch84-27-tab.txt,S_site_CH84_27,,1,1,2.004168434173913,1.4730074782608695,#81DF20
147,32.87,-119.97,1194,-0.04,EW9504_09,unassigned,1.22,2.3,Lowell D. Stott,ew950409-tab.txt,S_site_EW9504_09,,0,0,2.7160713812868216,0.24484144573643407,#DF2020
148,50.42,167.73,3300,0.32,Vi_37GC,"Cib.w, wuellerstorfi, CW",,3.0,"McCorkle, DC, Keigwin, LD (1994)",052668.txt,S_site_Vi_37GC,see_info_in_citation,2,0,2.7160713812868216,0.24484144573643407,#DF2020
149,50.94,168.11,3670,0.32,Vi_35GC,"Cib.w, wuellerstorfi, CW",,3.0,"McCorkle, DC, Keigwin, LD (1994)",052668.txt,S_site_Vi_35GC,see_info_in_citation,2,0,2.7160713812868216,0.24484144573643407,#DF2020
150,51.05,168.1,3700,0.34,6_TOW_015GGC,"Cib.w, wuellerstorfi, CW",,2.79,"McCorkle, DC, Keigwin, LD (1994)",052668.txt,S_site_6_TOW_015GGC,see_info_in_citation,0,0,2.7160713812868216,0.24484144573643407,#DF2020
151,51.06,168.04,3416,0.02,6_TOW_012GGC,"Cib.w, wuellerstorfi, CW",,2.91,"McCorkle, DC, Keigwin, LD (1994)",052668.txt,S_site_6_TOW_012GGC,see_info_in_citation,2,0,2.7160713812868216,0.24484144573643407,#DF2020
152,51.06,168.07,3516,0.33,6_TOW_013GGC,"Cib.w, wuellerstorfi, CW",,2.92,"McCorkle, DC, Keigwin, LD (1994)",052668.txt,S_site_6_TOW_013GGC,see_info_in_citation,2,0,2.7160713812868216,0.24484144573643407,#DF2020
153,51.06,168.07,3631,0.22,6_TOW_014GGC,"Cib.w, wuellerstorfi, CW",,2.97,"McCorkle, DC, Keigwin, LD (1994)",052668.txt,S_site_6_TOW_014GGC,see_info_in_citation,2,0,2.7160713812868216,0.24484144573643407,#DF2020
154,51.06,168.14,3816,0.22,6_TOW_016GGC,"Cib.w, wuellerstorfi, CW",,2.74,"McCorkle, DC, Keigwin, LD (1994)",052668.txt,S_site_6_TOW_016GGC,see_info_in_citation,0,0,2.7160713812868216,0.24484144573643407,#DF2020
155,51.07,167.98,3225,0.11,6_TOW_011PC,"Cib.w, wuellerstorfi, CW",,3.02,"McCorkle, DC, Keigwin, LD (1994)",052668.txt,S_site_6_TOW_011PC,see_info_in_citation,2,0,2.7160713812868216,0.24484144573643407,#DF2020
156,51.07,168.01,3296,0.43,6_TOW_011GGC,"Cib.w, wuellerstorfi, CW",,3.235,"McCorkle, DC, Keigwin, LD (1994)",052668.txt,S_site_6_TOW_011GGC,see_info_in_citation,2,0,2.7160713812868216,0.24484144573643407,#DF2020
157,51.08,167.95,3041,-0.075,6_TOW_007GGC,"Cib.w, wuellerstorfi, CW",,3.065,"McCorkle, DC, Keigwin, LD (1994)",052668.txt,S_site_6_TOW_007GGC,see_info_in_citation,2,0,2.7160713812868216,0.24484144573643407,#DF2020
158,51.08,167.98,3160,0.21,6_TOW_008GGC,"Cib.w, wuellerstorfi, CW",,3.05,"McCorkle, DC, Keigwin, LD (1994)",052668.txt,S_site_6_TOW_008GGC,see_info_in_citation,2,0,2.7160713812868216,0.24484144573643407,#DF2020
159,51.09,167.91,2920,0.29,6_TOW_006GGC,"Cib.w, wuellerstorfi, CW",,2.78,"McCorkle, DC, Keigwin, LD (1994)",052668.txt,S_site_6_TOW_006GGC,see_info_in_citation,0,0,2.7160713812868216,0.24484144573643407,#DF2020
160,51.11,167.83,2610,0.05,6_TOW_003GGC,"Cib.w, wuellerstorfi, CW",,2.83,"McCorkle, DC, Keigwin, LD (1994)",052668.txt,S_site_6_TOW_003GGC,see_info_in_citation,0,0,2.7160713812868216,0.24484144573643407,#DF2020
161,51.11,167.9,2804,0.24,6_TOW_005GGC,"Cib.w, wuellerstorfi, CW",,3.07,"McCorkle, DC, Keigwin, LD (1994)",052668.txt,S_site_6_TOW_005GGC,see_info_in_citation,2,0,2.7160713812868216,0.24484144573643407,#DF2020
162,51.12,167.79,2507,-0.14,6_TOW_002GGC,"Cib.w, wuellerstorfi, CW",,3.1,"McCorkle, DC, Keigwin, LD (1994)",052668.txt,S_site_6_TOW_002GGC,see_info_in_citation,2,0,2.7160713812868216,0.24484144573643407,#DF2020
163,52.99,164.64,2970,0.26,Vi_26BC,"Cib.w, wuellerstorfi, CW",,2.93,"McCorkle, DC, Keigwin, LD (1994)",052668.txt,S_site_Vi_26BC,see_info_in_citation,2,0,2.7160713812868216,0.24484144573643407,#DF2020
164,53.01,164.65,2980,0.17,RAMA_44P,"Cib.w, wuellerstorfi, CW",,2.53,"McCorkle, DC, Keigwin, LD (1994)",052668.txt,S_site_RAMA_44P,see_info_in_citation,0,0,2.7160713812868216,0.24484144573643407,#DF2020
165,54.42,-149.43,3480,-0.01,PAR87A_01,"Cib spp, cib",7.01,2.63,"Zahn, R et al. (1991)",055263.txt,S_site_PAR87A_01,"doi:10.1594/PANGAEA.55263,",0,0,2.7160713812868216,0.24484144573643407,#DF2020
166,-56.68,160.24,3912,0.16,SO136-111,"Cib.w, wuellerstorfi, CW",,3.59,,,,,2,0,2.7160713812868216,0.24484144573643407,#DF2020
167,-53.63,169.87,799,1.28,B32,"Cib.w, wuellerstorfi, CW",,2.64,,,,,1,1,2.004168434173913,1.4730074782608695,#81DF20
168,-53.33,169.24,602,1.88,SO136-61,"Cib spp, cib",,2.48,,,,,1,1,2.004168434173913,1.4730074782608695,#81DF20
169,-51.72,167.83,629,1.75,D178,"Cib.w, wuellerstorfi, CW",,2.44,,,,,1,1,2.004168434173913,1.4730074782608695,#81DF20
170,-51.7,171.52,519,1.57,F137,"Cib.w, wuellerstorfi, CW",,2.39,,,,,1,1,2.004168434173913,1.4730074782608695,#81DF20
171,-50.63,169.38,585,1.72,MD97-2109,"Cib.w, wuellerstorfi, CW",,2.56,,,,,1,1,2.004168434173913,1.4730074782608695,#81DF20
172,-50.6,171.39,529,1.23,D206,"Cib.w, wuellerstorfi, CW",,2.24,,,,,1,1,2.004168434173913,1.4730074782608695,#81DF20
173,-50.52,174.32,1026,1.05,F149,"Cib.w, wuellerstorfi, CW",,2.27,,,,,1,1,2.004168434173913,1.4730074782608695,#81DF20
174,-49.78,168.93,649,1.82,D84,"Cib.w, wuellerstorfi, CW",,2.77,,,,,1,1,2.004168434173913,1.4730074782608695,#81DF20
175,-48.95,174.98,704,1.38,F111,"Cib.w, wuellerstorfi, CW",,2.22,,,,,1,1,2.004168434173913,1.4730074782608695,#81DF20
176,-48.67,170.81,801,1.35,F104,"Cib.w, wuellerstorfi, CW",,2.24,,,,,1,1,2.004168434173913,1.4730074782608695,#81DF20
177,-48.5,149.52,2155,0.74,MD97-2108,"Cib.w, wuellerstorfi, CW",,3.23,,,,,2,0,2.7160713812868216,0.24484144573643407,#DF2020
178,-47.04,174.08,1429,0.62,H564,"Cib.w, wuellerstorfi, CW",,2.84,,,,,2,0,2.7160713812868216,0.24484144573643407,#DF2020
179,-47.0,149.52,3208,0.61,SO136-155,"Cib.w, wuellerstorfi, CW",,3.22,,,,,2,0,2.7160713812868216,0.24484144573643407,#DF2020
180,-47.0,166.06,1648,1.8,TAN0803-09,"Cib spp, cib",,2.98,,,,,1,1,2.004168434173913,1.4730074782608695,#81DF20
181,-46.77,166.92,743,1.68,TAN1106-07,"Cib spp, cib",,1.79,,,,,1,1,2.004168434173913,1.4730074782608695,#81DF20
182,-46.58,-177.41,4432,0.42,"181-1122C-1H-1,0-2","Cib.w, wuellerstorfi, CW",,3.06,,,,,2,0,2.7160713812868216,0.24484144573643407,#DF2020
183,-46.55,149.08,3682,0.23,SO136-162,"Cib.w, wuellerstorfi, CW",,3.29,,,,,2,0,2.7160713812868216,0.24484144573643407,#DF2020
184,-46.47,175.07,1936,1.27,Q217,"Cib.w, wuellerstorfi, CW",,5.44,,,,,2,0,2.7160713812868216,0.24484144573643407,#DF2020
185,-46.21,179.0,3166,0.37,W152,"Cib.w, wuellerstorfi, CW",,3.69,,,,,2,0,2.7160713812868216,0.24484144573643407,#DF2020
186,-46.15,177.19,2424,0.66,H559,"Cib.w, wuellerstorfi, CW",,2.73,,,,,0,0,2.7160713812868216,0.24484144573643407,#DF2020
187,-46.15,177.19,2500,0.44,H559,"Cib.w, wuellerstorfi, CW",,2.7,,,,,0,0,2.7160713812868216,0.24484144573643407,#DF2020
188,-46.08,176.49,2125,0.51,Q206,"Cib.w, wuellerstorfi, CW",,2.75,,,,,0,0,2.7160713812868216,0.24484144573643407,#DF2020
189,-46.05,174.59,1733,0.53,H567,"Cib.w, wuellerstorfi, CW",,3.23,,,,,2,0,2.7160713812868216,0.24484144573643407,#DF2020
190,-45.96,175.06,1668,0.49,Q203,"Cib.w, wuellerstorfi, CW",,2.74,,,,,0,0,2.7160713812868216,0.24484144573643407,#DF2020
191,-45.95,147.51,3236,0.71,SO136-163,"Cib.w, wuellerstorfi, CW",,3.09,,,,,2,0,2.7160713812868216,0.24484144573643407,#DF2020
192,-45.87,175.48,1650,0.57,H562,"Cib.w, wuellerstorfi, CW",,2.81,,,,,2,0,2.7160713812868216,0.24484144573643407,#DF2020
193,-45.77,176.6,2066,0.53,SO213-82-1,"Cib.w, wuellerstorfi, CW",,3.53,,,,,2,0,2.7160713812868216,0.24484144573643407,#DF2020
194,-45.66,172.02,1370,0.72,Q200,"Cib.w, wuellerstorfi, CW",,2.62,,,,,0,0,2.7160713812868216,0.24484144573643407,#DF2020
195,-45.46,178.02,2700,0.42,J1042,"Cib.w, wuellerstorfi, CW",,2.89,,,,,2,0,2.7160713812868216,0.24484144573643407,#DF2020
196,-45.39,177.99,2632,0.43,Q215,"Cib.w, wuellerstorfi, CW",,2.81,,,,,0,0,2.7160713812868216,0.24484144573643407,#DF2020
197,-45.34,172.69,1462,0.62,H534,"Cib.w, wuellerstorfi, CW",,2.93,,,,,2,0,2.7160713812868216,0.24484144573643407,#DF2020
198,-45.33,-174.08,4680,0.14,Q575,"Cib.w, wuellerstorfi, CW",,3.65,,,,,2,0,2.7160713812868216,0.24484144573643407,#DF2020
199,-45.31,177.16,2250,0.44,H560,"Cib.w, wuellerstorfi, CW",,2.88,,,,,2,0,2.7160713812868216,0.24484144573643407,#DF2020
200,-45.31,147.92,4068,-0.15,SO136-164,"Cib.w, wuellerstorfi, CW",,3.68,,,,,2,0,2.7160713812868216,0.24484144573643407,#DF2020
201,-45.12,174.57,972,1.21,SO213-84-1,"Cib.w, wuellerstorfi, CW",,2.42,,,,,1,1,2.004168434173913,1.4730074782608695,#81DF20
202,-45.1,147.74,4002,0.29,RS95-GC34,"Cib spp, cib",,3.01,,,,,2,0,2.7160713812868216,0.24484144573643407,#DF2020
203,-45.03,177.06,1860,0.63,Q216,"Cib.w, wuellerstorfi, CW",,3.12,,,,,2,0,2.7160713812868216,0.24484144573643407,#DF2020
204,-44.9,172.9,1240,0.92,E427,"Cib.w, wuellerstorfi, CW",,2.65,,,,,0,0,2.7160713812868216,0.24484144573643407,#DF2020
205,-44.78,172.8,1130,0.96,E426,"Cib.w, wuellerstorfi, CW",,2.55,,,,,0,0,2.7160713812868216,0.24484144573643407,#DF2020
206,-44.76,172.39,393,1.92,"181-1119A-1H-1,0-2","Cib.w, wuellerstorfi, CW",,1.52,,,,,1,1,2.004168434173913,1.4730074782608695,#81DF20
207,-44.73,172.73,721,1.75,E425,"Cib.w, wuellerstorfi, CW",,3.13,,,,,1,1,2.004168434173913,1.4730074782608695,#81DF20
208,-44.69,179.07,1841,0.77,W272,"Cib.w, wuellerstorfi, CW",,2.74,,,,,0,0,2.7160713812868216,0.24484144573643407,#DF2020
209,-44.67,172.63,293,1.74,E424,"Cib.w, wuellerstorfi, CW",,1.89,,,,,1,1,2.004168434173913,1.4730074782608695,#81DF20
210,-44.57,173.15,511,1.94,G664,"Cib.w, wuellerstorfi, CW",,1.82,,,,,1,1,2.004168434173913,1.4730074782608695,#81DF20
211,-44.41,173.06,165,1.67,H362,"Cib.w, wuellerstorfi, CW",,1.43,,,,,1,1,2.004168434173913,1.4730074782608695,#81DF20
212,-44.25,149.98,2667,0.57,FRG94-003,"Cib.w, wuellerstorfi, CW",,3.38,,,,,2,0,2.7160713812868216,0.24484144573643407,#DF2020
213,-44.13,178.0,1080,1.19,Q213,"Cib.w, wuellerstorfi, CW",,3.04,,,,,2,0,2.7160713812868216,0.24484144573643407,#DF2020
214,-44.0,177.42,715,1.72,E75,"Cib.w, wuellerstorfi, CW",,1.92,,,,,1,1,2.004168434173913,1.4730074782608695,#81DF20
215,-43.87,-175.33,623,1.58,C618,"Cib.w, wuellerstorfi, CW",,2.4,,,,,1,1,2.004168434173913,1.4730074782608695,#81DF20
216,-43.83,-175.67,232,1.21,G56,"Cib.w, wuellerstorfi, CW",,2.34,,,,,1,1,2.004168434173913,1.4730074782608695,#81DF20
217,-43.67,-174.78,752,1.73,C620,"Cib.w, wuellerstorfi, CW",,1.99,,,,,1,1,2.004168434173913,1.4730074782608695,#81DF20
218,-43.58,174.0,215,1.79,H427,"Cib.w, wuellerstorfi, CW",,1.7,,,,,1,1,2.004168434173913,1.4730074782608695,#81DF20
219,-43.58,174.0,215,1.86,H427,"Cib.w, wuellerstorfi, CW",,1.52,,,,,1,1,2.004168434173913,1.4730074782608695,#81DF20
220,-43.5,174.0,366,2.08,E48,"Cib.w, wuellerstorfi, CW",,1.8,,,,,1,1,2.004168434173913,1.4730074782608695,#81DF20
221,-43.45,167.9,1477,0.81,MD06-2986,"Cib.w, wuellerstorfi, CW",,2.67,,,,,0,0,2.7160713812868216,0.24484144573643407,#DF2020
222,-43.44,167.85,1556,0.63,SO136-011,"Cib.w, wuellerstorfi, CW",,2.73,,,,,0,0,2.7160713812868216,0.24484144573643407,#DF2020
223,-43.25,174.48,574,1.84,E435,"Cib.w, wuellerstorfi, CW",,2.92,,,,,1,1,2.004168434173913,1.4730074782608695,#81DF20
224,-43.25,178.67,480,1.29,D117,"Cib.w, wuellerstorfi, CW",,2.1,,,,,1,1,2.004168434173913,1.4730074782608695,#81DF20
225,-43.2,-174.0,1128,0.85,R623,"Cib.w, wuellerstorfi, CW",,3.31,,,,,2,0,2.7160713812868216,0.24484144573643407,#DF2020
226,-43.02,175.57,285,1.82,F756,"Cib.w, wuellerstorfi, CW",,2.73,,,,,1,1,2.004168434173913,1.4730074782608695,#81DF20
227,-43.0,174.5,854,1.42,F755,"Cib.w, wuellerstorfi, CW",,2.28,,,,,1,1,2.004168434173913,1.4730074782608695,#81DF20
228,-42.85,178.98,980,0.8,W268,"Cib.w, wuellerstorfi, CW",,3.48,,,,,2,0,2.7160713812868216,0.24484144573643407,#DF2020
229,-42.83,174.17,1646,0.11,E93,"Cib.w, wuellerstorfi, CW",,1.37,,,,,0,0,2.7160713812868216,0.24484144573643407,#DF2020
230,-42.8,174.53,1324,0.48,F754,"Cib.w, wuellerstorfi, CW",,2.4,,,,,0,0,2.7160713812868216,0.24484144573643407,#DF2020
231,-42.72,176.91,850,1.57,U951,"Cib.w, wuellerstorfi, CW",,2.19,,,,,1,1,2.004168434173913,1.4730074782608695,#81DF20
232,-42.67,178.67,1637,0.77,D115,"Cib.w, wuellerstorfi, CW",,2.68,,,,,0,0,2.7160713812868216,0.24484144573643407,#DF2020
233,-42.55,176.39,1625,0.15,F761,"Cib.w, wuellerstorfi, CW",,2.96,,,,,2,0,2.7160713812868216,0.24484144573643407,#DF2020
234,-42.55,-178.17,1365,0.68,"181-1125A-1H-1,0-2","Cib.w, wuellerstorfi, CW",,2.86,,,,,2,0,2.7160713812868216,0.24484144573643407,#DF2020
235,-42.53,-178.49,1408,0.11,CHAT 16K/R657,"Cib spp, cib",,2.81,,,,,0,0,2.7160713812868216,0.24484144573643407,#DF2020
236,-42.53,-178.49,1408,0.93,R657,"Cib.w, wuellerstorfi, CW",,2.61,,,,,0,0,2.7160713812868216,0.24484144573643407,#DF2020
237,-42.34,-171.5,2030,0.49,S925,"Cib.w, wuellerstorfi, CW",,2.96,,,,,2,0,2.7160713812868216,0.24484144573643407,#DF2020
238,-42.13,169.88,958,1.06,SO136-003,"Cib.w, wuellerstorfi, CW",,2.23,,,,,1,1,2.004168434173913,1.4730074782608695,#81DF20
239,-41.79,-171.5,3290,0.34,"181-1123B-1H-1,0-2","Cib.w, wuellerstorfi, CW",,2.76,,,,,0,0,2.7160713812868216,0.24484144573643407,#DF2020
240,-41.58,-171.5,3550,0.55,S924,"Cib.w, wuellerstorfi, CW",,2.74,,,,,0,0,2.7160713812868216,0.24484144573643407,#DF2020
241,-39.94,-178.5,3654,0.38,Q859,"Cib.w, wuellerstorfi, CW",,2.23,,,,,0,0,2.7160713812868216,0.24484144573643407,#DF2020
242,-39.46,-176.41,4096,0.52,S931,"Cib.w, wuellerstorfi, CW",,2.82,,,,,2,0,2.7160713812868216,0.24484144573643407,#DF2020
243,-33.98,152.0,2007,0.58,112GC10,"Cib spp, cib",,2.89,,,,,2,0,2.7160713812868216,0.24484144573643407,#DF2020
244,-33.95,151.92,1467,0.71,112GC9,"Cib spp, cib",,3.04,,,,,2,0,2.7160713812868216,0.24484144573643407,#DF2020
245,-26.59,153.85,1022,1.01,105GC25,"Cib spp, cib",,2.15,,,,,1,1,2.004168434173913,1.4730074782608695,#81DF20
246,-26.5,153.83,355,1.58,105GC20,"Cib spp, cib",,1.06,,,,,1,1,2.004168434173913,1.4730074782608695,#81DF20
247,-26.5,153.88,842,0.89,105GC23,"Cib spp, cib",,1.81,,,,,1,1,2.004168434173913,1.4730074782608695,#81DF20
249,-23.57,153.78,990,1.05,FR1/97GC12,"Cib spp, cib",,2.07,,,,,1,1,2.004168434173913,1.4730074782608695,#81DF20
250,-23.38,153.37,502,1.42,FR1/97GC11,"Cib spp, cib",,1.27,,,,,1,1,2.004168434173913,1.4730074782608695,#81DF20
251,-23.0,152.8,335,1.48,FR1/97GC10,"Cib spp, cib",,0.46,,,,,1,1,2.004168434173913,1.4730074782608695,#81DF20
252,-18.06,150.04,745,1.5,ODP133-818b,"Cib spp, cib",,1.92,,,,,1,1,2.004168434173913,1.4730074782608695,#81DF20
253,-22.67,-83.16,3510,0.34,h96-tk1,"Cib.w, wuellerstorfi, CW",,2.89,,,,,2,0,2.7160713812868216,0.24484144573643407,#DF2020
254,-21.74,-81.92,2466,0.32,h96-tg3,"Cib.w, wuellerstorfi, CW",,2.58,,,,,0,0,2.7160713812868216,0.24484144573643407,#DF2020
255,-20.32,-81.02,3060,0.29,h96-tg4,"Cib.w, wuellerstorfi, CW",,2.59,,,,,0,0,2.7160713812868216,0.24484144573643407,#DF2020
256,-17.23,-78.1,3120,0.32,h96-tg7,"Cib.w, wuellerstorfi, CW",,2.67,,,,,0,0,2.7160713812868216,0.24484144573643407,#DF2020
257,0.93,-104.1,3496,0.25,PLDS   66Bx,"Cib.w, wuellerstorfi, CW",,2.67,,,,,0,0,2.7160713812868216,0.24484144573643407,#DF2020
258,0.97,-131.65,4407,0.27,PLDS   89Bx,"Cib.w, wuellerstorfi, CW",,2.65,,,,,0,0,2.7160713812868216,0.24484144573643407,#DF2020
259,0.98,-135.07,4297,0.32,PLDS   90Bx,"Cib.w, wuellerstorfi, CW",,2.7,,,,,0,0,2.7160713812868216,0.24484144573643407,#DF2020
260,1.0,-113.65,3944,0.25,PLDS   74Bx,"Cib.w, wuellerstorfi, CW",,2.68,,,,,0,0,2.7160713812868216,0.24484144573643407,#DF2020
261,1.0,-109.25,3626,0.27,PLDS   72Bx,"Cib.w, wuellerstorfi, CW",,2.85,,,,,2,0,2.7160713812868216,0.24484144573643407,#DF2020
262,1.02,-105.48,3650,0.28,PLDS   68Bx,"Cib.w, wuellerstorfi, CW",,2.74,,,,,0,0,2.7160713812868216,0.24484144573643407,#DF2020
263,1.05,-119.92,4366,0.35,PLDS   77Bx,"Cib.w, wuellerstorfi, CW",,2.63,,,,,0,0,2.7160713812868216,0.24484144573643407,#DF2020
264,1.05,-107.2,3694,0.33,PLDS   70Bx,"Cib.w, wuellerstorfi, CW",,2.95,,,,,2,0,2.7160713812868216,0.24484144573643407,#DF2020
265,1.07,-122.23,4542,0.18,PLDS   79Bx,"Cib.w, wuellerstorfi, CW",,2.9,,,,,2,0,2.7160713812868216,0.24484144573643407,#DF2020
266,2.35,163.7,4324,0.36,ERDC141Bx,"Cib.w, wuellerstorfi, CW",,3.06,,,,,2,0,2.7160713812868216,0.24484144573643407,#DF2020
267,22.9,-109.48,640,-0.15,ET97-7T,"Cib.w, wuellerstorfi, CW",,1.598,,,,,0,0,2.7160713812868216,0.24484144573643407,#DF2020
268,22.91,-109.46,690,-0.08,AL98-PC12,"Cib.w, wuellerstorfi, CW",,2.04,,,,,0,0,2.7160713812868216,0.24484144573643407,#DF2020
269,22.92,-109.45,625,-0.19,LPAZ 21 P,"Cib.w, wuellerstorfi, CW",,1.62,,,,,0,0,2.7160713812868216,0.24484144573643407,#DF2020
270,23.23,-111.04,1222,-0.07,RGS87-19 BC,"Cib.w, wuellerstorfi, CW",,2.3,,,,,0,0,2.7160713812868216,0.24484144573643407,#DF2020
271,23.25,-109.44,880,0.01,BAP96-2-T,"Cib.w, wuellerstorfi, CW",,2.075,,,,,0,0,2.7160713812868216,0.24484144573643407,#DF2020
272,23.27,-110.55,695,-0.12,CA94-3-I,"Cib.w, wuellerstorfi, CW",,1.71,,,,,0,0,2.7160713812868216,0.24484144573643407,#DF2020
273,23.34,-111.95,750,-0.2,RGS87-21 GC,"Cib.w, wuellerstorfi, CW",,1.99,,,,,0,0,2.7160713812868216,0.24484144573643407,#DF2020
274,23.58,-111.18,604,-0.09,RGS87-16 GC,"Cib.w, wuellerstorfi, CW",,1.66,,,,,0,0,2.7160713812868216,0.24484144573643407,#DF2020
275,24.88,-112.88,1450,0.1,ET97-4T,"Cib.w, wuellerstorfi, CW",,2.4,,,,,0,0,2.7160713812868216,0.24484144573643407,#DF2020
276,25.06,-112.98,1600,0.05,BAP96-10-T,"Cib.w, wuellerstorfi, CW",,2.28,,,,,0,0,2.7160713812868216,0.24484144573643407,#DF2020
277,29.27,-115.62,863,-0.03,CA94-12k-4,"Cib.w, wuellerstorfi, CW",,2.05,,,,,0,0,2.7160713812868216,0.24484144573643407,#DF2020
278,32.28,-118.4,1765,0.11,EW9504-04PC,"Cib.w, wuellerstorfi, CW",,2.33,,,,,0,0,2.7160713812868216,0.24484144573643407,#DF2020
279,-7.889,148.203,842,1.12,GeoB17436-3,"Cib.w, wuellerstorfi, CW",,2.04,,,,,1,1,2.004168434173913,1.4730074782608695,#81DF20
280,-7.27,147.34,1001,0.5,GeoB17435-2,"Cib.w, wuellerstorfi, CW",,2.18,,,,,0,0,2.7160713812868216,0.24484144573643407,#DF2020
281,-4.1,145.201,1606,0.31,GeoB17429-1,"Cib.w, wuellerstorfi, CW",,2.54,,,,,0,0,2.7160713812868216,0.24484144573643407,#DF2020
282,-2.815,144.499,1883,0.47,GeoB17419-2,"Cib.w, wuellerstorfi, CW",,2.63,,,,,0,0,2.7160713812868216,0.24484144573643407,#DF2020
283,-2.189,150.861,1366,0.58,GeoB17426-2,"Cib.w, wuellerstorfi, CW",,2.3,,,,,0,0,2.7160713812868216,0.24484144573643407,#DF2020
284,-1.38,147.174,2217,0.47,GeoB17424-2,"Cib.w, wuellerstorfi, CW",,2.69,,,,,0,0,2.7160713812868216,0.24484144573643407,#DF2020
285,0.586,-156.659,3362,0.18,ML1208-18GC,"Cib.w, wuellerstorfi, CW",,2.75,,,,,0,0,2.7160713812868216,0.24484144573643407,#DF2020
286,2.769,-159.291,3331,0.43,ML1208-27BB,"Cib.w, wuellerstorfi, CW",,2.69,,,,,0,0,2.7160713812868216,0.24484144573643407,#DF2020
287,2.972,-159.198,3153,0.34,ML1208-28BB,"Cib.w, wuellerstorfi, CW",,2.57,,,,,0,0,2.7160713812868216,0.24484144573643407,#DF2020
288,4.683,-160.052,2857,0.35,ML1208-31BB,"Cib.w, wuellerstorfi, CW",,2.5,,,,,0,0,2.7160713812868216,0.24484144573643407,#DF2020
289,7.044,-161.635,2798,0.145,ML1208-37BB,"Cib.w, wuellerstorfi, CW",,2.47,,,,,0,0,2.7160713812868216,0.24484144573643407,#DF2020
290,-46.07,-75.69,1540,0.47,MD07-3088,"Cib.w, wuellerstorfi, CW",,2.59,,,,,0,0,2.7160713812868216,0.24484144573643407,#DF2020
291,-41.6,-74.96,1610,0.35,MD07-3100,"Cib.w, wuellerstorfi, CW",,2.65,,,,,0,0,2.7160713812868216,0.24484144573643407,#DF2020
292,-41.6,-74.96,1610,-0.23,MD07-3100,kullenbergi,,2.66,,,,,0,0,2.7160713812868216,0.24484144573643407,#DF2020
293,-41.6,-74.96,1610,0.14,MD07-3100,"pachyderma, C. pachyderma",,2.59,,,,,0,0,2.7160713812868216,0.24484144573643407,#DF2020
294,-41.6,-74.96,1610,-0.54,MD07-3100,unassigned,,2.61,,,,,0,0,2.7160713812868216,0.24484144573643407,#DF2020
295,-15.54,146.94,1630,0.58,SI51-GC-21,"Cib.w, wuellerstorfi, CW",,2.4,,,,,0,0,2.7160713812868216,0.24484144573643407,#DF2020
296,-8.52,128.15,1768,0.34,MD98-2172,"Cib.w, wuellerstorfi, CW",,2.41,,,,,0,0,2.7160713812868216,0.24484144573643407,#DF2020
297,-5.78,126.97,3163,0.24,SHI90-14,"Cib spp, cib",,2.57,,,,,0,0,2.7160713812868216,0.24484144573643407,#DF2020
298,-5.0,133.45,2382,0.08,MD98-2175,"Cib.w, wuellerstorfi, CW",,2.13,,,,,0,0,2.7160713812868216,0.24484144573643407,#DF2020
299,-5.0,133.45,2382,0.1,MD98-2175,"Cib.w, wuellerstorfi, CW",,2.14,,,,,0,0,2.7160713812868216,0.24484144573643407,#DF2020
300,3.3,132.11,3574,0.23,MD98-2182,"Cib.w, wuellerstorfi, CW",,2.89,,,,,2,0,2.7160713812868216,0.24484144573643407,#DF2020
301,-33.53,166.53,2858,0.46,Z2112,"Cib.w, wuellerstorfi, CW",,2.56,,,,,0,0,2.7160713812868216,0.24484144573643407,#DF2020
302,-36.2,176.89,2541,0.487612,125JPC,"Cib.w, wuellerstorfi, CW",,2.67227625,,,,,0,0,2.7160713812868216,0.24484144573643407,#DF2020
303,-36.74,176.64,1627,0.612607,83TC,"Cib.w, wuellerstorfi, CW",,2.498396042,,,,,0,0,2.7160713812868216,0.24484144573643407,#DF2020
304,-36.93,177.44,2045,0.368,H214,"Cib.w, wuellerstorfi, CW",,2.598,,,,,0,0,2.7160713812868216,0.24484144573643407,#DF2020
305,-36.96,176.59,1165,0.971114,79JPC,"Cib.w, wuellerstorfi, CW",,2.271445424,,,,,1,1,2.004168434173913,1.4730074782608695,#81DF20
306,-37.26,176.64,663,1.45723,87TC,"Cib spp, cib",,1.582656641,,,,,1,1,2.004168434173913,1.4730074782608695,#81DF20
307,-39.88,177.67,3836,0.504624,41JPC,"Cib.w, wuellerstorfi, CW",,2.773178333,,,,,0,0,2.7160713812868216,0.24484144573643407,#DF2020
