latitude,longitude,depth,d13C,Core,d18O
-36.220,-73.680,1016.000,0.620,1234A 1H-1,2.6600
-36.170,-73.570,509.000,0.670,RR970245P,3.2200
-23.610,-73.610,3396.000,0.150,RR9702A-50MC2,3.1700
-21.360,-81.440,1323.000,0.180,R9702A55T,3.0300
-20.880,-81.500,2450.000,0.230,RR9702-61T,3.1900
-18.090,-79.040,2901.000,-0.080,RR9702-63T,3.2600
-14.800,-113.500,3044.000,0.090,GS7202-35,3.0500
-13.170,-77.260,1419.000,0.270,RR9702-83MC,2.8200
-12.780,-107.930,3603.000,-0.080,GS7202-29,3.1200
-7.560,-100.400,3961.000,-0.220,GS7202-22,2.3900
-7.000,-9.970,3585.000,1.020,rc24-20g,2.5900
-6.380,-106.940,3175.000,0.370,Y71-9-101,2.6000
-5.050,-10.180,3559.000,0.520,rc24-17g,2.6000
-2.300,-97.930,3371.000,0.210,GS7202-17,2.6000
-1.850,-82.790,2203.000,0.200,ME05A-25MC,2.7500
-1.840,-139.710,4354.000,0.190,TTN13-18PC,2.4000
-1.420,146.400,1900.000,0.450,MD97-2138,2.5000
-0.670,-82.080,1415.000,0.440,1239A 1H-1,2.6308
-0.510,-82.000,1343.000,0.420,ME0005A-29MC,2.6040
-0.470,-82.070,1373.000,0.360,V19-27-TC,2.3300
-0.100,-95.650,3231.000,0.180,RC13-110,2.7400
0.080,-86.480,2740.000,-0.010,Y69-71P,2.7100
0.110,-139.400,4298.000,0.270,TTN13-72PC,2.3900
0.180,-110.520,3839.000,0.220,849B01H1,3.0100
0.950,-138.960,4287.000,0.120,W8402A-14GC,2.6400
1.870,-82.780,2202.000,0.330,1238B-1H-1,2.9240
2.980,-86.560,2870.000,-0.040,Y69-106P,2.7967
3.210,-86.490,2675.000,0.200,ME0005A-20MC,2.7950
5.350,-110.090,3846.000,-0.130,VNTR01-4PC,2.9100
5.350,-27.320,4245.000,0.900,v30-36,2.6367
5.380,-98.990,3410.000,-0.240,GS7202-14,3.3100
5.850,-86.450,2045.000,0.210,ME05A-14MC,2.9360
7.320,-84.110,1003.000,0.350,ME05A-38MC,2.9200
7.860,-83.610,1368.000,0.400,ME0005A-43JC,2.5950
8.720,-41.250,3720.000,0.980,v22-26,2.9100
14.920,-48.050,2845.000,0.920,v23-23,2.9600
15.580,-95.280,1079.000,0.280,ME05A,2.7400
23.570,-20.070,3901.000,0.830,v30-239,2.8350
23.730,-112.440,3054.000,0.030,Y74-2-22,2.9100
33.350,-120.430,1430.000,0.020,V1-81-G15,2.4100
34.550,-121.110,938.000,-0.020,EW950412P,3.0200
34.780,-32.420,3252.000,0.850,v32-08,2.6300
36.990,-123.270,2510.000,-0.010,EW9504-13,3.1300
41.000,-126.440,3075.000,-0.210,EW9504-18,2.5200
56.990,-135.480,216.000,0.940,EW0408-40JC,1.3176
-46.600,7.630,2494.000,0.620,RC13-253,2.7600
-43.820,51.320,3284.000,0.280,MD73-025,3.0000
-37.270,-10.100,3308.000,0.810,RC12-294,2.7000
-30.270,-39.100,4181.000,0.130,CH115-61,2.7200
-19.580,37.030,1222.000,0.680,MD79-256,2.4100
-17.880,38.670,1934.000,0.670,MD79-254,2.7300
-10.070,-12.820,2630.000,0.800,V22-174,2.6900
-4.330,10.430,1000.000,0.380,BT-4,2.6000
-3.580,-83.930,2673.000,0.020,V19-29,2.6000
-3.380,-83.350,3091.000,0.030,V19-30,2.6900
-2.370,-84.650,2720.000,0.190,V19-28,2.6100
-2.280,5.180,3731.000,0.980,RC13-205,2.5900
-1.620,159.230,2169.000,0.250,ERDC-112,2.8200
-0.550,-17.270,3937.000,0.670,V22-182,2.4700
0.680,-108.620,3588.000,0.420,RC10-65,2.6400
8.580,75.330,1878.000,0.020,MD76-125,2.5800
12.870,46.820,1649.000,0.050,MD76-136,2.5600
14.450,50.520,1895.000,-0.150,MD76-135,2.3800
14.580,-19.670,1082.000,0.500,V22-198,2.2100
15.000,72.330,1954.000,0.190,MD76-129,2.5600
16.550,67.900,2910.000,0.150,MD77-200,2.6000
20.700,59.570,2442.000,-0.200,MD77-203,2.5400
25.170,-16.830,2573.000,0.960,M12392-1,2.6600
35.530,-73.420,3678.000,1.030,RC10-288,2.5700
41.000,-32.930,3371.000,1.090,V30-97,2.6800
41.270,-126.400,2743.000,0.010,Y69-10-2,2.8300
41.750,-51.930,3732.000,1.120,D-114,2.5900
42.000,-52.000,3209.000,1.180,CH82-11,2.4400
42.100,-9.780,2280.000,1.000,SU-8132,2.7100
42.830,-23.070,3520.000,1.050,SL58/79/8,2.5000
44.000,-24.530,3331.000,1.100,V29-179,2.7900
45.630,-22.750,3625.000,0.920,N079-28,2.9000
45.700,-31.370,3454.000,1.150,N075-08,2.8700
62.770,-59.370,1057.000,1.270,HU75-58,2.8100
-45.990,-177.990,2830.000,0.470,Q208,3.1162
-44.150,-14.230,3783.000,0.191,PS2498_1,2.6350
-43.520,79.870,3193.000,0.430,RC11_120,2.6767
-43.490,51.190,3262.000,0.268,MD84_527,2.9423
-42.920,8.900,3701.000,0.200,ODP1090_TTN057_6,2.7025
-42.920,8.900,3701.000,0.201,ODP1090_TTN057_6,2.7025
-42.900,8.900,3751.000,0.176,TN057_6,2.7088
-41.280,-14.490,3134.000,0.665,PS2495_3,2.4200
-41.140,13.560,2082.000,0.500,ODP1088B,3.3800
-36.920,177.430,2045.000,0.380,H214,2.6067
-32.740,-72.330,2463.000,-0.300,GIK17747_2,3.2637
-32.740,-72.330,2464.000,0.240,GIK17747_1,2.9433
-28.990,13.840,2004.000,0.820,GeoB1720_3,3.3650
-28.990,13.830,1997.000,0.780,GeoB1720_2,3.2733
-27.220,-110.080,3163.000,0.130,GIK17790_3,3.7600
-24.690,7.240,3210.000,0.880,GeoB1214_1,2.4500
-24.690,7.240,3220.000,0.680,GeoB1214_2,2.3800
-24.470,7.540,4089.000,0.080,GeoB1211_1,2.6150
-22.910,6.030,2490.000,0.903,GeoB1032_2,2.2767
-22.450,-177.330,3125.000,0.660,SO35_2_101KL,2.7500
-22.400,-177.450,2910.000,0.510,SO35_2_102KL,2.4800
-22.330,11.200,3204.000,0.500,RC13_228,2.6762
-21.720,5.430,3731.000,0.620,GeoB1034_1,2.5325
-21.610,5.040,4447.000,0.600,GeoB1035_2,2.3100
-21.600,5.030,4450.000,0.600,GeoB1035_3,2.3100
-19.700,8.880,2675.000,0.650,V29_135,2.5400
-18.590,-113.080,3324.000,0.300,SO26_189KA,2.5800
-17.640,-16.210,3427.000,0.870,INMD_115BX,2.6550
-16.020,177.690,3410.000,0.330,SO35_2_272KL,2.5250
-14.390,177.140,2890.000,0.210,SO35_2_211KL,3.6267
-13.080,121.790,1783.000,0.567,MD01_2378,2.3567
-10.540,-109.740,3371.000,0.080,SO12_98,3.2325
-5.780,-10.750,3125.000,0.960,GeoB1112_4,2.5333
-5.750,-11.040,2373.000,0.900,GeoB1113_7,2.8583
-5.750,-11.040,2374.000,0.960,GeoB1113_4,2.8400
-4.240,-103.910,3327.000,0.050,SO12_229,2.7400
-4.000,10.000,1000.000,0.380,BT4,2.5200
-3.810,-83.980,3210.000,-0.010,TR163_31,2.8133
-3.560,-16.430,4671.000,0.440,GeoB1118_3,2.7400
-3.560,-16.430,4675.000,0.214,GeoB1118_2,2.8220
-3.560,-12.580,2921.000,1.040,GeoB1115_4,2.4514
-3.530,-85.000,3381.000,0.160,SO26_131KA,2.6950
-3.480,-7.590,4035.000,0.770,GeoB1041_1,2.5433
-2.200,5.100,3891.000,0.497,GIK16867_1,3.0600
-1.670,-12.430,3231.000,0.990,GeoB1105_3,2.4514
-1.550,-85.390,2463.000,0.100,SO26_127KA,2.9586
-0.970,-9.440,4662.000,0.750,GIK16773_1,2.5962
-0.200,-23.150,3706.000,0.896,V30_40,2.7080
0.680,-85.840,2706.000,0.220,SO26_96KA,2.6860
0.820,-15.510,2764.000,0.885,GIK16771_2,3.0400
1.370,-33.480,3824.000,0.905,V25_59,2.5967
1.660,-10.980,4567.000,0.920,GeoB1101_4,2.6060
2.250,-92.350,2211.000,0.250,SO26_90KA,2.6344
2.600,-83.990,3085.000,0.270,P7,3.1400
2.660,-100.250,4027.000,0.170,SO26_47KA,3.0633
2.730,-95.190,3200.000,0.130,SO26_58KA,2.8029
2.980,-86.550,2870.000,0.010,Y69_106,2.8200
4.340,-43.490,2816.000,1.088,KNR110_82,1.8975
4.340,-43.410,3063.000,0.980,KNR110_75,2.4457
4.360,-43.700,3164.000,1.118,KNR110_71,2.2720
4.560,-43.380,3547.000,0.791,KNR110_66,2.1854
4.760,-43.310,3810.000,0.717,KNR110_91,2.2783
4.790,-43.040,4341.000,0.640,KNR110_58,2.6008
4.950,-42.890,4556.000,0.374,KNR110_55,2.4150
5.390,-21.720,3291.000,1.055,GIK16457_1,2.7375
5.670,-19.850,2862.000,1.070,GIK13519_1,2.8200
7.200,112.080,1953.000,0.041,V35_5,2.3597
7.280,-26.190,4835.000,0.628,GIK16459_1,2.4375
9.360,113.290,2772.000,0.170,ODP1143,2.5045
9.570,-19.100,3845.000,0.690,GIK16415_2,3.2400
10.000,-57.000,3410.000,0.870,CH75_03,2.8250
11.490,-79.380,3051.000,0.900,68_502_Site,2.2500
11.650,-80.130,3237.000,0.723,V28_127,2.4019
11.850,-78.682,3623.000,0.781,V28_122,2.3476
12.440,-18.060,3223.000,0.750,GeoB9526_4,2.9550
12.440,-18.060,3223.000,0.670,GeoB9526_5,2.8138
13.120,-103.010,3105.000,0.290,SO26_12KA,2.7600
14.167,-18.573,3167.000,0.763,V22_197,2.7317
14.270,50.310,1895.000,-0.121,MD76_135,2.5514
14.610,52.920,1803.000,-0.020,GeoB3004_1,2.7233
15.830,-17.860,2576.000,0.723,GIK12347_2,2.7033
15.950,-18.130,3082.000,0.750,GIK12337_5,2.6000
15.950,-18.130,3094.000,0.693,GIK12337_4,2.5788
18.000,111.490,2050.000,0.070,SCS90_36,2.1943
18.430,-21.080,3093.000,0.893,V30_49,2.2814
18.430,115.990,3766.000,0.320,GIK16520_1,2.8450
18.910,115.760,3766.000,0.240,GIK16527_1,2.9500
19.000,-20.160,3300.000,0.956,BOFS31_1K,2.6240
19.370,-19.930,3315.000,0.850,GIK12329_4,2.5350
19.370,-18.930,3320.000,0.860,GIK12329_6,2.5467
19.750,-20.720,3580.000,1.020,BOFS30_3K,2.4175
20.520,-21.120,4000.000,0.816,BOFS29_1K,2.5140
20.750,-18.580,2274.000,0.861,108_658,2.6967
20.750,-18.580,2278.000,0.810,GeoB7920_2,2.6407
21.150,-18.570,2778.000,0.870,GIK12328_5,2.7427
23.140,-17.750,2136.000,1.020,GIK12379_3,2.5375
24.450,-19.840,3680.000,1.000,BOFS26_6K,2.6150
24.620,-22.760,4900.000,0.980,BOFS28_3M,2.3367
25.170,-16.850,2575.000,1.008,GIK12392_1,2.5360
28.525,134.123,2942.000,0.262,V28_304,2.6620
29.980,-10.650,1512.000,1.180,GIK16004_1,2.1833
31.250,-117.580,2042.000,-0.200,EW9504_02,2.6600
31.670,-118.180,1915.000,-0.248,AHF16832,2.6225
32.070,-117.370,1299.000,-0.219,EW9504_03,2.3475
32.280,-118.400,1759.000,-0.310,EW9504_04,2.4680
32.480,-118.130,1818.000,-0.300,EW9504_05,2.6233
32.800,-118.800,1442.000,-0.102,EW9504_08,2.9033
32.870,-119.970,1194.000,-0.010,EW9504_09,2.3500
34.860,-8.130,2435.000,1.100,GIK15672_2,2.2950
34.860,-8.130,2460.000,1.215,GIK15672_1,2.5300
34.890,-7.820,2022.000,1.110,GIK15669_1,2.4650
35.270,-29.250,3225.000,0.460,CH74_227,3.2700
35.890,-7.530,1177.000,0.320,MD99_2339,1.0200
36.048,-72.373,3942.000,0.873,V26_176,2.7025
36.130,-1.970,1287.000,1.290,RC09_203,3.2270
40.000,-22.000,3485.000,0.907,CH72_02,2.8933
44.360,-26.540,3050.000,1.095,GIK15612_2,2.4600
48.210,-27.060,2810.000,1.180,GIK17055_2,2.5129
48.220,-27.060,2558.000,1.280,GIK17055_1,2.5000
52.430,-16.670,3663.000,0.830,GIK17045_3,2.5767
52.450,-16.660,3653.000,0.735,GIK17045_2,2.6600
54.308,-18.177,1859.000,1.260,GIK17048_4,2.5333
54.310,-18.180,1859.000,1.335,GIK17048_3,2.7300
54.360,-148.470,3664.000,0.180,PAR87A_10,2.8300
55.190,-20.350,2004.000,1.430,BOFS11K,3.1700
55.480,-14.700,2180.000,1.000,162_980,2.5419
55.490,-14.700,2168.000,0.961,ODP980,2.5928
57.500,-15.870,1145.000,0.961,ODP982,2.2433
58.000,-16.500,1150.000,1.156,BOFS17K,3.0921
58.630,-19.430,1756.000,0.950,BOFS14K,3.3550
59.190,-30.900,1416.000,1.480,SO82_5_2,3.8250
61.430,-24.080,1648.000,1.126,ODP984C,2.7510
64.780,-29.570,1855.000,0.533,V28_14,2.6400
64.800,-29.600,1893.000,1.170,GIK23519_5,2.7300
64.800,-29.600,1903.000,1.110,GIK23519_4,2.6421
66.680,4.570,1226.000,1.110,MD95_2010,3.3226
69.370,-6.550,2711.000,1.396,PS1243_1,4.4037
75.000,13.970,1768.000,1.220,GIK23258_2,3.6538
75.000,13.970,1781.000,1.130,GIK23258_3,3.8843
78.920,6.770,1389.000,1.000,MSM05_5_712_2,4.1045
78.920,6.770,1491.000,1.030,MSM05_5_712_1,4.0680
82.020,15.670,2531.000,1.420,PS2212_3,3.6300
-71.150,-119.920,2096.000,0.430,PS2547_3,4.0300
-68.750,-5.870,2405.000,0.640,PS1506_2,3.3900
-68.730,-5.850,2426.000,0.580,PS1506_1,3.4000
-55.460,1.170,4140.000,0.450,PS1772_6,3.1000
-55.190,-18.600,5131.000,-0.220,PS1782_6,2.8300
-54.560,2.680,2006.000,0.110,PS2099_1,2.8900
-54.530,2.900,1020.000,-0.100,PS2097_1,2.7200
-54.530,2.900,1020.000,-0.100,PS2097_1,2.7200
-54.510,3.020,502.000,-0.030,PS2096_1,2.8100
-53.640,3.840,2089.000,-0.150,PS1651_2,2.8900
-53.090,72.130,950.000,0.440,MD84_560,2.9050
-53.080,-5.000,2388.000,-0.240,PS2102_1,2.8450
-52.590,4.470,3331.000,0.050,PS1768_1,2.8300
-51.330,-3.320,2947.000,-0.080,PS2103_2,2.9850
-50.870,5.710,3936.000,0.187,PS1764_2,2.9833
-50.870,5.710,3936.000,0.187,PS1764_2,2.9833
-50.740,-3.210,2592.000,0.530,PS2104_1,2.7200
-50.170,5.760,3793.000,0.160,PS1759_1,2.7100
-50.160,5.770,3763.000,0.060,PS1654_1,2.7600
-48.900,6.730,3832.000,0.160,PS1756_6,3.0300
-47.750,8.000,2982.000,0.440,PS2085_1,2.9200
-46.020,96.460,3290.000,0.170,MD88_770,3.4800
-43.650,51.250,3284.000,0.220,MD73_025,2.9250
-43.220,11.738,4610.000,0.167,PS2082_1,2.7967
-43.220,11.760,4611.000,0.310,PS2082_3,2.8000
-42.700,12.180,4709.000,-0.315,PS1750_7,2.6450
-42.700,12.180,4709.000,-0.315,PS1750_7,2.6450
-41.850,0.090,912.000,1.298,PS2106_1,3.3225
-41.850,0.090,912.000,1.298,PS2106_1,3.3225
-41.720,13.050,5078.000,0.470,PS2080_1,2.7400
-41.140,13.480,2086.000,0.370,PS2076_1,3.5325
-41.140,13.480,2086.000,0.365,PS2076_1,3.5325
-41.140,13.480,2086.000,0.365,PS2076_1,3.5325
-39.840,1.030,4920.000,0.100,PS2108_1,3.0600
-39.590,14.570,4692.000,-0.090,PS2073_1,3.6400
-35.000,3.170,5035.000,0.250,PS2109_3,2.8700
-31.660,-29.660,3436.000,0.430,GeoB1312_2,3.5440
-28.360,-105.360,3424.000,0.140,GIK17304_1,3.9000
-28.360,-105.360,3424.000,0.300,GIK17304_2,3.6475
-26.950,-44.674,2069.000,1.282,V24_253,2.3940
-26.705,-43.332,2438.000,1.328,RC16_84,2.5150
-25.220,-75.530,3558.000,0.170,GeoB3388_1,2.9900
-24.480,7.530,4084.000,0.450,GeoB1211_3,2.5500
-24.030,5.310,2266.000,0.810,GeoB1220_2,2.9900
-23.830,-115.940,2918.000,-0.040,SO26_222KA,3.9883
-23.430,11.700,2987.000,0.463,GeoB1710_3,2.6133
-22.920,6.040,2505.000,0.820,GeoB1032_3,2.2500
-21.740,5.420,3772.000,0.690,GeoB1034_3,2.6000
-21.590,5.030,4453.000,0.660,GeoB1035_4,2.4000
-14.500,177.090,3010.000,0.310,SO35_2_182KL,3.0200
-7.970,-100.010,4107.000,-0.140,SO26_141KA,2.9700
-4.000,10.000,1000.000,0.330,BT4,2.5700
-2.200,5.100,3894.000,-0.010,GIK16867_3,3.7300
-2.180,157.000,1614.000,0.390,MW9109_7BC,2.7500
-1.340,-11.970,3911.000,0.838,GIK16772_1,2.4775
0.000,159.480,2445.000,0.260,MW9109_37BC,2.9150
0.000,160.000,3393.000,0.410,MW9109_59BC,2.4900
0.000,162.220,4341.000,0.350,MW9109_58BC,2.7600
0.000,162.700,4440.000,0.390,MW9109_66BC,2.6500
0.010,158.910,2301.000,0.530,MW9109_13BC,2.5900
0.010,160.450,2959.000,0.430,MW9109_16BC,2.5800
0.010,160.640,3158.000,0.460,MW9109_63BC,2.6400
0.010,161.390,3711.000,0.430,MW9109_53BC,2.6100
0.750,83.330,4420.000,0.170,SO93_22KL,2.5200
1.000,157.850,2015.000,0.510,MW9109_33BC,2.6050
2.680,6.720,2184.000,0.960,GeoB4901_8,2.4300
5.335,-22.055,3518.000,0.796,GIK16458_2,3.0100
5.380,90.360,2935.000,0.585,121_758,2.4950
5.540,110.540,226.000,0.950,GIK18284_2,-3.0500
5.740,110.740,790.000,0.300,GIK18288_1,1.9000
5.830,110.830,978.000,0.260,GIK18289_1,1.9700
5.920,110.920,1124.000,-0.180,GIK18290_1,2.3900
5.970,110.960,1208.000,-0.010,GIK18291_1,2.3500
6.160,111.160,1404.000,-0.650,GIK18293_1,2.3600
6.160,112.210,1556.000,0.030,GIK17964_1,2.4400
6.160,112.550,889.000,0.117,GIK17965_1,1.9733
6.160,112.550,889.000,0.120,GIK17965_1,1.9733
6.170,112.670,1233.000,0.060,GIK17963_2,2.0800
6.650,111.870,1974.000,0.140,GIK18268_1,2.5300
7.180,112.080,1970.000,-0.090,GIK17962_1,2.3500
9.170,-17.660,3057.000,0.560,GeoB9528_3,2.7500
10.120,115.560,1707.000,0.190,GIK17960_1,2.3750
10.120,115.560,1707.000,0.185,GIK17960_1,2.3750
10.900,115.310,2197.000,0.090,GIK17957_1,2.4300
11.000,-80.000,3051.000,0.740,DSDP502,2.9998
11.140,115.290,1957.000,0.180,GIK17959_1,2.2200
11.610,94.120,1760.000,0.400,MD77_171,1.4600
11.620,115.080,2581.000,0.090,GIK17958_1,2.4300
13.850,112.590,3387.000,-0.910,GIK17956_1,2.7300
14.320,57.350,3212.000,0.110,SO42_74KL,2.4700
14.590,119.750,2507.000,0.150,GIK17920_1,-2.3900
14.760,111.530,1517.000,0.180,GIK17954_1,2.4600
14.760,111.530,1517.000,0.180,GIK17954_1,2.4600
16.020,91.000,2455.000,-0.130,MD77_182,2.3800
16.090,112.900,1868.000,0.300,GIK17950_1,2.4600
16.090,112.900,1868.000,0.300,GIK17950_1,2.4600
16.290,113.410,2340.000,0.220,GIK17951_1,2.4500
16.670,114.470,2882.000,0.260,GIK17952_2,2.5400
17.320,90.390,2271.000,0.270,MD77_181,1.9200
17.350,115.170,2195.000,0.160,GIK17949_1,2.3300
18.130,113.780,2404.000,0.200,GIK17945_1,2.6100
18.130,114.250,3465.000,-0.520,GIK17946_1,2.5700
18.270,119.750,2486.000,0.340,GIK17928_2,2.6700
18.660,113.640,1219.000,0.295,GIK17944_1,2.2600
18.660,113.640,1219.000,0.300,GIK17944_1,2.2600
18.880,116.530,3143.000,0.200,GIK17935_2,2.4500
18.950,117.550,917.000,0.320,GIK17943_1,1.8950
19.000,118.730,3761.000,0.120,GIK17926_2,2.6800
19.030,116.460,2665.000,0.260,GIK17934_1,2.5700
19.330,113.200,329.000,1.550,GIK17942_1,1.0000
19.370,-19.930,3314.000,0.410,GIK12329_2,2.5450
19.410,118.850,3438.000,1.840,GIK17924_1,-2.1700
19.530,116.230,1972.000,0.270,GIK17933_2,2.6300
19.790,117.540,2835.000,0.150,GIK17938_1,2.5650
19.850,119.050,2980.000,0.180,GIK17925_2,2.5100
19.950,116.040,1365.000,0.270,GIK17932_1,2.3800
19.970,117.460,2473.000,0.170,GIK17939_1,2.4600
20.100,115.960,1005.000,0.280,GIK17931_1,2.0700
20.100,115.960,1005.000,0.280,GIK17931_1,2.0700
20.120,117.380,1728.000,0.190,GIK17940_1,2.5200
20.330,115.780,629.000,0.620,GIK17930_1,1.3000
20.680,115.700,371.000,1.530,GIK17929_1,1.2300
21.150,-18.570,2778.000,0.820,GIK12328_5,2.8367
21.520,118.480,2201.000,-0.140,GIK17941_1,2.7050
21.520,118.480,2201.000,-0.135,GIK17941_1,2.7050
22.990,-17.330,787.000,0.920,GIK12325_4,1.7100
23.040,-17.410,1024.000,1.200,GIK12326_2,1.8700
23.130,-17.740,2032.000,0.760,GIK12327_2,2.5650
23.130,-17.740,2032.000,0.760,GIK12327_2,2.5650
23.500,-18.720,3075.000,0.720,GIK12310_1,2.6700
23.500,-18.720,3075.000,1.160,GIK12310_1,2.6700
26.650,-15.050,2090.000,0.960,GIK12308_2,2.5600
26.650,-15.050,2090.000,1.150,GIK12308_2,2.4100
26.840,-15.110,2849.000,0.840,GIK12309_1,2.5600
26.840,-15.110,2849.000,1.140,GIK12309_1,2.5600
27.010,-18.990,3849.000,0.480,GIK15637_1,2.5850
27.040,-15.050,2896.000,0.830,GIK12301_5,2.8450
27.040,-15.050,2896.000,1.080,GIK12301_5,2.8450
29.170,-15.450,3609.000,0.960,GeoB4241_11,2.5700
29.170,-12.090,1024.000,0.840,GIK15627_3,1.7600
30.630,-12.400,2324.000,1.050,GeoB4216_1,2.4200
31.620,129.350,700.000,0.930,CH84_27,1.3600
32.870,-119.970,1194.000,-0.040,EW9504_09,2.3000
33.190,-9.830,3816.000,0.950,GIK15651_4,2.6000
33.470,-12.760,4305.000,0.850,GIK15678_1,2.5700
34.100,-10.830,4410.000,0.880,GIK15677_1,2.6300
34.760,-8.850,3515.000,1.100,GIK15676_2,2.5600
34.890,-7.820,2001.000,1.040,GIK15669_2,2.0800
34.960,-7.120,803.000,1.490,GIK15666_6,2.5400
35.290,-6.830,684.000,-0.080,MD04_2806,1.1450
35.730,13.180,1486.000,1.570,CS70_5,3.1500
37.110,-32.290,2655.000,1.080,KF09,2.1900
37.580,-31.840,2690.000,1.170,KF13,2.3400
38.000,-31.130,3050.000,1.130,KF16,2.1600
38.080,-30.600,2184.000,1.070,KS04,2.0600
40.530,-10.430,3780.000,0.820,NO82_13,1.8550
41.490,-9.720,2160.000,1.100,PO200_10_28_1,2.5000
42.430,3.700,791.000,0.450,BBLL3_MC2,1.2000
42.460,3.500,919.000,0.850,BBLL2_MC1,1.7850
42.460,3.500,922.000,0.540,BBLL3_MC1,1.4200
45.380,-4.650,4320.000,0.600,SU81_50,2.0200
45.630,-22.750,3625.000,0.820,NO79_28,2.2450
45.630,-22.750,3625.000,0.815,NO79_28,2.2450
50.420,167.730,3300.000,0.320,Vi_37GC,3.0000
50.670,-19.430,3850.000,0.725,GIK23417_1,2.4400
50.940,168.110,3670.000,0.320,Vi_35GC,3.0000
51.050,168.100,3700.000,0.340,6_TOW_015GGC,2.7900
51.060,168.040,3416.000,0.020,6_TOW_012GGC,2.9100
51.060,168.070,3516.000,0.330,6_TOW_013GGC,2.9200
51.060,168.070,3631.000,0.220,6_TOW_014GGC,2.9700
51.060,168.140,3816.000,0.220,6_TOW_016GGC,2.7400
51.070,167.980,3225.000,0.110,6_TOW_011PC,3.0200
51.070,168.010,3296.000,0.430,6_TOW_011GGC,3.2350
51.080,167.950,3041.000,-0.075,6_TOW_007GGC,3.0650
51.080,167.980,3160.000,0.210,6_TOW_008GGC,3.0500
51.090,167.910,2920.000,0.290,6_TOW_006GGC,2.7800
51.110,167.830,2610.000,0.050,6_TOW_003GGC,2.8300
51.110,167.900,2804.000,0.240,6_TOW_005GGC,3.0700
51.120,167.790,2507.000,-0.140,6_TOW_002GGC,3.1000
51.570,-20.000,3616.000,0.780,GIK23416_4,2.6400
52.150,-12.770,704.000,1.160,GeoB6730_1,1.4550
52.150,-12.770,711.000,1.600,GeoB6729_1,2.9467
52.150,-12.770,711.000,1.597,GeoB6729_1,2.9467
52.150,-12.770,749.000,1.160,GeoB6728_1,3.1850
52.150,-12.770,758.000,1.330,GeoB6719_1,3.3550
52.150,-12.770,794.000,1.480,GeoB6727_2,3.3700
52.160,-12.770,820.000,1.410,GeoB6725_1,3.5850
52.160,-12.750,900.000,1.280,GeoB6718_2,2.6000
52.533,-21.970,3955.000,0.775,SU90_39,2.5250
52.550,-20.330,2841.000,1.138,GIK23418_8,2.7725
52.990,164.640,2970.000,0.260,Vi_26BC,2.9300
53.010,164.650,2980.000,0.170,RAMA_44P,2.5300
53.180,-19.150,2472.000,1.060,GIK23415_9,2.5550
53.540,-20.290,2196.000,1.113,GIK23414_9,2.6822
54.420,-149.430,3480.000,-0.010,PAR87A_01,2.6300
57.500,-15.870,1145.000,0.900,ODP982,2.2550
58.000,-16.500,1150.000,1.146,BOFS17K,2.4320
60.690,-20.990,2658.000,0.810,V29_202,2.7600
61.530,-38.120,2567.000,1.420,PS62_004_3,3.2500
61.700,-39.070,2192.000,1.220,PS62_003_2,3.6800
66.583,1.117,2900.000,1.375,V27_86,3.3700
66.680,4.570,1226.000,1.083,MD95_2010,3.2400
67.870,-21.770,777.000,1.380,PS2644_5,3.5300
67.870,-21.760,778.000,1.260,PS2644_2,3.6450
68.500,0.820,2802.000,1.340,GIK23065_3,3.8280
68.560,-21.450,1115.000,1.109,PS2646_2,3.7544
68.560,-21.450,1115.000,1.110,PS2646_2,3.7544
70.120,-17.690,1622.000,1.061,PS1730_2,3.3960
85.520,156.480,2388.000,1.160,OD96_30_3_1,4.7030
-56.680,160.240,3912.000,0.160,SO136-111,3.5900
-53.630,169.870,799.000,1.280,B32,2.6400
-53.330,169.240,602.000,1.880,SO136-61,2.4800
-51.720,167.830,629.000,1.750,D178,2.4400
-51.700,171.520,519.000,1.570,F137,2.3900
-50.630,169.380,585.000,1.720,MD97-2109,2.5600
-50.600,171.390,529.000,1.230,D206,2.2400
-50.520,174.320,1026.000,1.050,F149,2.2700
-49.780,168.930,649.000,1.820,D84,2.7700
-48.950,174.980,704.000,1.380,F111,2.2200
-48.670,170.810,801.000,1.350,F104,2.2400
-48.500,149.520,2155.000,0.740,MD97-2108,3.2300
-47.840,146.550,2260.000,0.520,MD88-779,3.3100
-47.720,145.800,2950.000,0.320,MD97-2107,3.6100
-47.440,133.010,3945.000,0.390,E39_43,3.6100
-47.040,174.080,1429.000,0.620,H564,2.8400
-47.000,149.520,3208.000,0.610,SO136-155,3.2200
-47.000,166.060,1648.000,1.800,TAN0803-09,2.9800
-46.770,166.920,743.000,1.680,TAN1106-07,1.7900
-46.580,-177.410,4432.000,0.420,"181-1122C-1H-1,0-2",3.0600
-46.550,149.080,3682.000,0.230,SO136-162,3.2900
-46.470,175.070,1936.000,1.270,Q217,5.4400
-46.210,179.000,3166.000,0.370,W152,3.6900
-46.150,177.190,2424.000,0.660,H559,2.7300
-46.150,177.190,2500.000,0.440,H559,2.7000
-46.080,176.490,2125.000,0.510,Q206,2.7500
-46.050,174.590,1733.000,0.530,H567,3.2300
-45.960,175.060,1668.000,0.490,Q203,2.7400
-45.950,147.510,3236.000,0.710,SO136-163,3.0900
-45.870,175.480,1650.000,0.570,H562,2.8100
-45.840,-179.170,3200.000,0.180,H552,2.8400
-45.770,176.600,2066.000,0.530,SO213-82-1,3.5300
-45.660,172.020,1370.000,0.720,Q200,2.6200
-45.460,178.020,2700.000,0.420,J1042,2.8900
-45.390,177.990,2632.000,0.430,Q215,2.8100
-45.340,172.690,1462.000,0.620,H534,2.9300
-45.330,-174.080,4680.000,0.140,Q575,3.6500
-45.310,177.160,2250.000,0.440,H560,2.8800
-45.310,147.920,4068.000,-0.150,SO136-164,3.6800
-45.150,146.290,3310.000,0.260,MD97-2106,3.0200
-45.120,174.570,972.000,1.210,SO213-84-1,2.4200
-45.100,147.740,4002.000,0.290,RS95-GC34,3.0100
-45.070,179.510,2700.000,0.700,U938,3.0000
-45.030,177.060,1860.000,0.630,Q216,3.1200
-44.900,172.900,1240.000,0.920,E427,2.6500
-44.780,172.800,1130.000,0.960,E426,2.5500
-44.760,172.390,393.000,1.920,"181-1119A-1H-1,0-2",1.5200
-44.730,172.730,721.000,1.750,E425,3.1300
-44.690,179.070,1841.000,0.770,W272,2.7400
-44.670,172.630,293.000,1.740,E424,1.8900
-44.610,179.400,1350.000,0.850,J1047,3.0900
-44.570,173.150,511.000,1.940,G664,1.8200
-44.410,173.060,165.000,1.670,H362,1.4300
-44.250,149.980,2667.000,0.570,FRG94-003,3.3800
-44.130,178.000,1080.000,1.190,Q213,3.0400
-44.000,177.420,715.000,1.720,E75,1.9200
-43.870,-179.470,289.000,1.800,G179,1.7300
-43.870,-175.330,623.000,1.580,C618,2.4000
-43.830,-175.670,232.000,1.210,G56,2.3400
-43.670,-174.780,752.000,1.730,C620,1.9900
-43.580,174.000,215.000,1.790,H427,1.7000
-43.580,174.000,215.000,1.860,H427,1.5200
-43.500,174.000,366.000,2.080,E48,1.8000
-43.450,167.900,1477.000,0.810,MD06-2986,2.6700
-43.440,167.850,1556.000,0.630,SO136-011,2.7300
-43.250,174.480,574.000,1.840,E435,2.9200
-43.250,178.670,480.000,1.290,D117,2.1000
-43.200,-174.000,1128.000,0.850,R623,3.3100
-43.020,175.570,285.000,1.820,F756,2.7300
-43.000,174.500,854.000,1.420,F755,2.2800
-42.850,178.980,980.000,0.800,W268,3.4800
-42.830,174.170,1646.000,0.110,E93,1.3700
-42.800,174.530,1324.000,0.480,F754,2.4000
-42.720,176.910,850.000,1.570,U951,2.1900
-42.670,178.670,1637.000,0.770,D115,2.6800
-42.550,176.390,1625.000,0.150,F761,2.9600
-42.550,-178.170,1365.000,0.680,"181-1125A-1H-1,0-2",2.8600
-42.530,-178.490,1408.000,0.110,CHAT 16K/R657,2.8100
-42.530,-178.490,1408.000,0.930,R657,2.6100
-42.340,-171.500,2030.000,0.490,S925,2.9600
-42.230,179.980,2840.000,0.130,J1008,3.2100
-42.220,179.360,2540.000,0.510,W266,2.6900
-42.130,169.880,958.000,1.060,SO136-003,2.2300
-41.790,-171.500,3290.000,0.340,"181-1123B-1H-1,0-2",2.7600
-41.580,-171.500,3550.000,0.550,S924,2.7400
-40.240,179.400,3010.000,-0.280,Q861,2.2100
-40.030,180.000,3003.000,0.330,S938,3.0800
-39.940,-178.500,3654.000,0.380,Q859,2.2300
-39.460,-176.410,4096.000,0.520,S931,2.8200
-38.470,140.170,2525.000,0.550,RS67-GC13,2.4600
-33.980,152.000,2007.000,0.580,112GC10,2.8900
-33.950,151.920,1467.000,0.710,112GC9,3.0400
-26.590,153.850,1022.000,1.010,105GC25,2.1500
-26.500,153.830,355.000,1.580,105GC20,1.0600
-26.500,153.880,842.000,0.890,105GC23,1.8100
-23.900,152.640,166.000,1.510,FR1/97GC9,-0.0400
-23.570,153.780,990.000,1.050,FR1/97GC12,2.0700
-23.380,153.370,502.000,1.420,FR1/97GC11,1.2700
-23.000,152.800,335.000,1.480,FR1/97GC10,0.4600
-18.060,150.040,745.000,1.500,ODP133-818b,1.9200
-22.670,-83.160,3510.000,0.340,h96-tk1,2.8900
-21.740,-81.920,2466.000,0.320,h96-tg3,2.5800
-20.320,-81.020,3060.000,0.290,h96-tg4,2.5900
-17.230,-78.100,3120.000,0.320,h96-tg7,2.6700
0.930,-104.100,3496.000,0.250,PLDS   66Bx,2.6700
0.970,-131.650,4407.000,0.270,PLDS   89Bx,2.6500
0.980,-135.070,4297.000,0.320,PLDS   90Bx,2.7000
1.000,-113.650,3944.000,0.250,PLDS   74Bx,2.6800
1.000,-109.250,3626.000,0.270,PLDS   72Bx,2.8500
1.020,-105.480,3650.000,0.280,PLDS   68Bx,2.7400
1.050,-119.920,4366.000,0.350,PLDS   77Bx,2.6300
1.050,-107.200,3694.000,0.330,PLDS   70Bx,2.9500
1.070,-122.230,4542.000,0.180,PLDS   79Bx,2.9000
2.350,163.700,4324.000,0.360,ERDC141Bx,3.0600
22.900,-109.480,640.000,-0.150,ET97-7T,1.5980
22.910,-109.460,690.000,-0.080,AL98-PC12,2.0400
22.920,-109.450,625.000,-0.190,LPAZ 21 P,1.6200
23.230,-111.040,1222.000,-0.070,RGS87-19 BC,2.3000
23.250,-109.440,880.000,0.010,BAP96-2-T,2.0750
23.270,-110.550,695.000,-0.120,CA94-3-I ,1.7100
23.340,-111.950,750.000,-0.200,RGS87-21 GC,1.9900
23.580,-111.180,604.000,-0.090,RGS87-16 GC,1.6600
24.880,-112.880,1450.000,0.100,ET97-4T,2.4000
25.060,-112.980,1600.000,0.050,BAP96-10-T,2.2800
29.270,-115.620,863.000,-0.030,CA94-12k-4,2.0500
32.280,-118.400,1765.000,0.110,EW9504-04PC,2.3300
-29.780,-43.580,3924.000,0.410,KNR159-5-22GGC,3.0800
-29.530,-45.080,3589.000,0.680,KNR159-5-125GGC,3.1600
-28.870,-45.700,2732.000,1.150,KNR159-5-63GGC,2.7800
-28.630,-45.530,2951.000,1.210,KNR159-5-20JPC,2.7400
-28.130,-46.070,2500.000,1.310,KNR159-5-30GGC,2.7600
-27.770,-46.630,2296.000,1.280,KNR159-5-42JPC,2.5400
-27.700,-46.480,1627.000,1.000,KNR159-5-17JPC,2.5100
-27.570,-46.180,2082.000,1.250,KNR159-5-33GGC,2.4500
-27.520,-46.470,1268.000,1.020,KNR159-5-36GGC,2.5300
-27.480,-46.330,1829.000,1.230,KNR159-5-78GGC,2.5200
-27.350,-46.630,1105.000,1.260,KNR159-5-90GGC,2.4100
-26.680,-46.500,440.000,1.480,KNR159-5-14GGC,1.2600
24.220,-83.300,751.000,0.940,KNR166-2-11MC,2.2300
24.330,-83.260,547.000,0.970,KNR166-2-62MC,1.7700
24.380,-83.340,447.000,0.980,KNR166-2-3MC,1.6300
24.400,-83.230,248.000,0.660,KNR166-2-16MC,1.3400
24.410,-83.220,198.000,0.730,KNR166-2-50MC,1.1000
24.570,-79.230,259.000,1.720,KNR166-2-94MC,0.1300
24.590,-79.270,531.000,1.360,KNR166-2-118MC,0.8400
24.760,-79.290,694.000,1.220,KNR166-2-125MC,1.5100
24.840,-79.220,441.000,1.620,KNR166-2-134MC,0.5100
-41.260,25.150,2660.000,0.500,MD02 2589,3.7000
-34.730,17.330,2440.000,0.740,MD02 2594,3.4200
-7.889,148.203,842.000,1.120,GeoB17436-3  ,2.0400
-7.270,147.340,1001.000,0.500,GeoB17435-2   ,2.1800
-4.100,145.201,1606.000,0.310,GeoB17429-1  ,2.5400
-2.815,144.499,1883.000,0.470,GeoB17419-2  ,2.6300
-2.189,150.861,1366.000,0.580,GeoB17426-2  ,2.3000
-1.380,147.174,2217.000,0.470,GeoB17424-2  ,2.6900
0.586,-156.659,3362.000,0.180,ML1208-18GC,2.7500
2.769,-159.291,3331.000,0.430,ML1208-27BB,2.6900
2.972,-159.198,3153.000,0.340,ML1208-28BB,2.5700
4.683,-160.052,2857.000,0.350,ML1208-31BB,2.5000
7.044,-161.635,2798.000,0.145,ML1208-37BB,2.4700
23.746,-79.430,542.000,1.250,Knr166-2 73GGC,1.2500
23.746,-79.430,542.000,1.530,Knr166-2 73GGC,1.1700
24.220,-83.296,751.000,0.810,Knr166-2 31JPC,2.2700
24.220,-83.296,751.000,0.870,Knr166-2 31JPC,2.0300
24.282,-83.271,648.000,0.870,Knr166-2 29JPC,2.0500
24.311,-83.256,598.000,0.880,Knr166-2 27GGC,1.9000
24.327,-83.252,546.000,0.930,Knr166-2 26JPC,1.8100
24.327,-83.252,546.000,1.180,Knr166-2 26JPC,1.6900
24.371,-79.450,638.000,1.180,Knr166-2 83GGC,1.4600
24.384,-83.338,446.000,0.770,Knr166-2 1GGC/2JPC,1.6700
24.396,-83.226,247.000,0.860,Knr166-2 48JPC,1.3100
24.412,-83.219,198.000,0.900,Knr166-2 51JPC,1.1200
24.418,-83.368,358.000,0.950,Knr166-2 59JPC,1.5100
24.563,-79.236,354.000,1.720,Knr166-2 106JPC,0.3700
24.564,-79.230,304.000,1.770,Knr166-2 105JPC,0.2200
24.591,-79.269,529.000,1.420,Knr166-2 119JPC,1.0000
24.641,-79.237,402.000,1.650,Knr166-2 113JPC,0.5300
24.641,-79.237,402.000,1.620,Knr166-2 113JPC,0.4800
24.764,-79.266,631.000,1.270,Knr166-2 127JPC,1.3100
24.836,-79.219,446.000,1.610,Knr166-2 135JPC,0.6900
24.848,-79.281,739.000,1.160,Knr166-2 132JPC,1.6500
-47.720,87.690,3615.000,-0.050,MD12-3396CQ,3.0900
-46.480,88.020,3420.000,0.230,MD02-2488,2.8800
-46.070,-75.690,1540.000,0.470,MD07-3088,2.5900
-46.030,96.480,3250.000,0.130,MD00-2374,2.7900
-46.020,96.450,3290.000,0.070,MD88-770,3.0000
-44.690,80.390,3400.000,0.290,MD12-3401CQ,2.9500
-44.690,80.390,3400.000,0.670,MD12-3401CQ,2.9100
-44.000,-14.230,3770.000,0.010,MD07-3076Q,2.7600
-43.820,51.310,3270.000,0.310,MD84-527,3.0100
-43.500,79.770,3200.000,0.720,MD97-2101,2.8900
-41.600,-74.960,1610.000,0.350,MD07-3100,2.6500
-41.600,-74.960,1610.000,-0.230,MD07-3100,2.6600
-41.600,-74.960,1610.000,0.140,MD07-3100,2.5900
-41.600,-74.960,1610.000,-0.540,MD07-3100,2.6100
-33.170,31.230,3781.000,0.610,MD96-2077,2.7800
-23.320,12.370,1948.000,0.530,MD08-3167,2.5400
-23.320,12.370,1948.000,0.600,MD08-3167,2.5200
-17.880,38.670,1934.000,0.630,MD79-254,2.5600
-15.540,146.940,1630.000,0.580,SI51-GC-21,2.4000
-11.580,122.050,2313.000,0.360,SHI90-22,2.5800
-9.880,118.090,2466.000,0.350,SHI90-26,2.5700
-9.650,118.340,2100.000,0.260,MD98-2165,2.5500
-8.520,128.150,1768.000,0.340,MD98-2172,2.4100
-7.330,104.540,3331.000,0.330,SHI90-43,2.7100
-5.780,126.970,3163.000,0.240,SHI90-14,2.5700
-5.000,133.450,2382.000,0.080,MD98-2175,2.1300
-5.000,133.450,2382.000,0.100,MD98-2175,2.1400
-0.180,44.270,3045.000,0.310,MD85-666,2.4900
3.300,132.110,3574.000,0.230,MD98-2182,2.8900
3.510,5.570,1181.000,0.720,KW-31,2.3100
8.580,75.330,1878.000,0.190,MD76-125,2.4900
10.010,-56.010,3820.000,0.670,CH75-04,3.0100
10.050,-57.530,3410.000,0.880,CH75-03,2.6500
10.210,95.050,2360.000,0.390,MD77-169,2.1500
11.760,94.150,1760.000,0.370,MD77-171,2.2900
12.080,75.900,1610.000,0.180,MD76-127,2.3100
14.440,50.520,1895.000,-0.060,MD76-135,2.4200
14.440,50.520,1895.000,-0.050,MD76-135,2.3400
14.520,93.130,1375.000,0.220,MD77-176,2.0400
16.900,-77.130,1894.000,0.870,CHO288-73,2.2900
17.040,-77.210,1203.000,1.210,CHO288-75,2.1600
17.070,-76.970,1805.000,1.200,CHO288-67,2.4900
17.230,-77.010,1706.000,1.340,CHO288-66,2.4800
17.230,-77.010,1706.000,1.090,CHO288-66,2.4700
17.350,-77.050,1545.000,1.170,CHO288-65,2.4100
17.400,-77.520,1309.000,0.970,CHO288-55,2.3800
17.400,-77.470,1195.000,1.050,CHO288-60,2.1500
17.400,90.480,2271.000,0.240,MD77-181,2.7700
17.420,-77.100,1075.000,1.160,CHO288-64,2.2400
17.430,-78.270,713.000,1.150,CHO 288-85,1.7200
17.650,-78.730,810.000,0.990,CHO 288-113,1.7900
17.670,-78.250,639.000,0.910,CHO 288-41,1.2200
17.820,-77.660,1020.000,1.080,CHO288-54,2.2700
17.850,-78.390,1637.000,1.340,CHO 288-25,2.3700
17.910,-79.700,2520.000,1.370,CHO 288-100,2.3400
37.080,-32.030,2159.000,1.130,MD95-2037,2.3200
37.100,-9.480,997.000,0.940,SU92-28,1.4500
37.770,-10.180,3135.000,0.700,SU81-18,2.9400
37.880,-10.090,2901.000,1.050,MD04-2812,2.6200
41.760,-47.350,4100.000,1.020,CH69-K09,2.8200
42.150,-9.690,2120.000,1.100,MD99-2331,2.4000
42.160,-9.700,2164.000,1.050,MD03-2697,2.4300
43.050,-30.040,3080.000,1.000,SU90-08,2.5300
44.810,-2.550,2800.000,0.900,OB101,2.5000
52.700,-35.940,3757.000,0.510,MD08-3182CQ,2.7200
54.640,-16.360,2209.000,0.980,CH73-139C,2.5800
54.890,-16.590,2452.000,0.930,ENAM97-09,2.6300
55.180,-14.760,2365.000,0.660,MD95-2003,2.5400
55.200,-14.750,2320.000,0.990,NA87-25,2.6900
55.500,-14.700,2161.000,1.030,NA87-22,2.7100
57.930,-29.100,2271.000,0.970,CH77-03,2.8000
60.570,-22.090,2370.000,1.150,SU90-33,3.0200
70.000,-17.510,1618.000,1.340,MD99-2314,4.0200
72.870,-16.190,1545.000,1.480,MD99-2310,3.8800
72.910,-14.990,2320.000,1.460,MD99-2309,4.0500
72.910,-12.980,2520.000,1.410,MD99-2308,3.9500
73.590,-13.860,2320.000,1.200,MD99-2307,4.1600
-33.530,166.530,2858.000,0.460,Z2112,2.5600
-36.200,176.890,2541.000,0.488,125JPC,2.6723
-36.740,176.640,1627.000,0.613,83TC,2.4984
-36.930,177.440,2045.000,0.368,H214,2.5980
-36.960,176.590,1165.000,0.971,79JPC,2.2714
-37.260,176.640,663.000,1.457,87TC,1.5827
-39.880,177.670,3836.000,0.505,41JPC,2.7732
-45.150,146.280,3300.000,0.469,RS147-GC07,3.2080
50.208,-45.688,3448.000,0.709,HU91 045 093 HR,2.8299
31.374,-39.284,3863.800,0.950,MSM58-49-4,2.6200
33.746,-38.874,3461.100,1.000,MSM58-45-1,2.5600
33.915,-38.656,3139.100,1.000,MSM58-43-4,2.5800
33.945,-36.254,3359.400,0.900,MSM58-40-4,2.5100
34.063,-30.591,2485.700,1.190,MSM58-55-1,2.4000
34.063,-30.591,2485.700,1.190,MSM58-55-1,2.4400
34.763,-33.566,3536.600,1.080,MSM58-30-4,2.3600
34.763,-33.566,3536.600,0.870,MSM58-30-4,2.4900
35.650,-35.502,2880.200,1.120,MSM58-34-1,2.4600
35.650,-35.502,2880.200,0.690,MSM58-34-1,2.5500
37.614,-34.384,2824.100,1.030,MSM58-23-1,2.3600
37.614,-34.384,2824.100,1.010,MSM58-23-1,2.5000
37.740,-33.937,2602.800,1.120,MSM58-20-1,2.3800
37.740,-33.937,2602.800,1.130,MSM58-20-1,2.4500
37.859,-34.180,2166.900,1.150,MSM58-24-1,2.3800
37.859,-34.180,2166.900,0.950,MSM58-24-1,3.1500
38.493,-34.479,3061.200,1.040,MSM58-26-1,2.7100
38.493,-34.479,3061.200,0.980,MSM58-26-1,2.5100
38.493,-34.479,3061.200,1.250,MSM58-26-1,2.6600
38.584,-35.536,4110.900,0.960,MSM58-28-3,2.5600
38.584,-35.536,4110.900,0.610,MSM58-28-3,2.6000
40.401,-31.080,2103.300,1.100,MSM58-13-1,2.5000
40.401,-31.080,2103.300,0.970,MSM58-13-1,2.4400
40.884,-30.883,2482.600,0.910,MSM58-12-1,2.4000
40.884,-30.883,2482.600,0.840,MSM58-12-1,2.4200
41.369,-28.232,2781.500,1.060,MSM58-08-1,2.3000
41.369,-28.232,2781.500,1.000,MSM58-08-1,2.3900