latitude,longitude,depth,d13C,datasetNam,Core,speciesNam,age_calkaB,d18O,Author,FileName,sitename,datadoi,Cruise
-60.000000000000000,-170.000000000000000,4005.000000000000000,0.430000000000000,P14,NBP9802-7,"Cib spp, cib",NaN,nan,NaN,NaN,NaN,NaN,NaN
-59.000000000000000,-170.000000000000000,4324.000000000000000,0.270000000000000,P14,NBP9802-8,"Cib spp, cib",NaN,nan,NaN,NaN,NaN,NaN,NaN
-56.070000000000000,-115.079999999999998,3094.000000000000000,0.210000000000000,P14,E11-2,"Cib spp, cib",NaN,nan,NaN,NaN,NaN,NaN,NaN
-53.399999999999999,-123.099999999999994,2964.000000000000000,0.460000000000000,P14,RC12-225,"Cib spp, cib",NaN,nan,NaN,NaN,NaN,NaN,NaN
-51.899999999999999,4.520000000000000,3744.000000000000000,-0.020000000000000,P14,TN057-15,"Cib spp, cib",NaN,nan,NaN,NaN,NaN,NaN,NaN
-50.100000000000001,-114.500000000000000,2891.000000000000000,0.490000000000000,P14,E25-10,"Cib spp, cib",NaN,nan,NaN,NaN,NaN,NaN,NaN
-46.759999999999998,7.580000000000000,2476.000000000000000,0.540000000000000,P14,PS1754-3,"Cib spp, cib",NaN,nan,NaN,NaN,NaN,NaN,NaN
-46.509999999999998,-15.330000000000000,3175.000000000000000,0.310000000000000,P14,PS2499-5,"Cib spp, cib",NaN,nan,NaN,NaN,NaN,NaN,NaN
-46.479999999999997,88.019999999999996,3420.000000000000000,0.100000000000000,P14,MD02-2488,"Cib spp, cib",NaN,nan,NaN,NaN,NaN,NaN,NaN
-46.100000000000001,-13.230000000000000,2714.000000000000000,0.290000000000000,P14,RC15-93,"Cib spp, cib",NaN,nan,NaN,NaN,NaN,NaN,NaN
-45.530000000000001,174.930000000000007,1210.000000000000000,0.980000000000000,P14,MD97-2120,"Cib spp, cib",NaN,nan,NaN,NaN,NaN,NaN,NaN
-44.299999999999997,-111.200000000000003,2869.000000000000000,0.460000000000000,P14,E20-18,"Cib spp, cib",NaN,nan,NaN,NaN,NaN,NaN,NaN
-43.180000000000000,-3.250000000000000,4171.000000000000000,0.120000000000000,P14,V22-108,"Cib spp, cib",NaN,nan,NaN,NaN,NaN,NaN,NaN
-42.979999999999997,-20.859999999999999,3762.000000000000000,-0.180000000000000,P14,RC15-94,"Cib spp, cib",NaN,nan,NaN,NaN,NaN,NaN,NaN
-42.909999999999997,8.900000000000000,3702.000000000000000,0.200000000000000,P14,ODP1090_TTN057-6,"Cib spp, cib",NaN,nan,NaN,NaN,NaN,NaN,NaN
-42.049999999999997,144.590000000000003,1042.000000000000000,1.030000000000000,P14,SO36-SL17,"Cib spp, cib",NaN,nan,NaN,NaN,NaN,NaN,NaN
-42.000000000000000,1.000000000000000,1335.000000000000000,0.580000000000000,P14,TN057-20,"Cib spp, cib",NaN,nan,NaN,NaN,NaN,NaN,NaN
-41.600000000000001,9.800000000000001,4718.000000000000000,0.220000000000000,P14,RC11-83,"Cib spp, cib",NaN,nan,NaN,NaN,NaN,NaN,NaN
-41.390000000000001,144.229999999999990,814.000000000000000,1.130000000000000,P14,RS78-GC18,"Cib spp, cib",NaN,nan,NaN,NaN,NaN,NaN,NaN
-41.140000000000001,13.560000000000000,2082.000000000000000,0.550000000000000,P14,ODP1088,"Cib spp, cib",NaN,nan,NaN,NaN,NaN,NaN,NaN
-41.130000000000003,7.820000000000000,4981.000000000000000,0.270000000000000,P14,TN057-21,"Cib spp, cib",NaN,nan,NaN,NaN,NaN,NaN,NaN
-40.939999999999998,9.890000000000001,4621.000000000000000,0.270000000000000,P14,ODP1089,"Cib spp, cib",NaN,nan,NaN,NaN,NaN,NaN,NaN
-38.649999999999999,141.189999999999998,506.000000000000000,1.610000000000000,P14,RS67-GC27,"Cib spp, cib",NaN,nan,NaN,NaN,NaN,NaN,NaN
-36.060000000000002,-8.779999999999999,3825.000000000000000,0.680000000000000,P14,GeoB2019-1,"Cib spp, cib",NaN,nan,NaN,NaN,NaN,NaN,NaN
-35.130000000000003,17.539999999999999,2840.000000000000000,0.550000000000000,P14,GeoB3603-2,"Cib spp, cib",NaN,nan,NaN,NaN,NaN,NaN,NaN
-34.960000000000001,130.009999999999991,3504.000000000000000,0.350000000000000,P14,RS102-GC18,"Cib spp, cib",NaN,nan,NaN,NaN,NaN,NaN,NaN
-34.890000000000001,130.060000000000002,3001.000000000000000,0.470000000000000,P14,RS102-GC17,"Cib spp, cib",NaN,nan,NaN,NaN,NaN,NaN,NaN
-34.750000000000000,130.139999999999986,2495.000000000000000,0.360000000000000,P14,RS102-GC16,"Cib spp, cib",NaN,nan,NaN,NaN,NaN,NaN,NaN
-34.590000000000003,130.259999999999991,2003.000000000000000,0.530000000000000,P14,RS102-GC15,"Cib spp, cib",NaN,nan,NaN,NaN,NaN,NaN,NaN
-34.380000000000003,130.419999999999987,1502.000000000000000,0.660000000000000,P14,RS102-GC14,"Cib spp, cib",NaN,nan,NaN,NaN,NaN,NaN,NaN
-33.880000000000003,17.629999999999999,280.000000000000000,1.400000000000000,P14,V19-236,"Cib spp, cib",NaN,nan,NaN,NaN,NaN,NaN,NaN
-33.829999999999998,130.800000000000011,1008.000000000000000,1.110000000000000,P14,RS102-GC13,"Cib spp, cib",NaN,nan,NaN,NaN,NaN,NaN,NaN
-33.500000000000000,128.030000000000001,769.000000000000000,1.450000000000000,P14,RS102-GC09,"Cib spp, cib",NaN,nan,NaN,NaN,NaN,NaN,NaN
-36.219999999999999,-73.680000000000007,1016.000000000000000,0.620000000000000,Mix,1234A 1H-1,"Cib.w, wuellerstorfi, CW",NaN,2.660000000000000,NaN,NaN,NaN,NaN,NaN
-36.170000000000002,-73.569999999999993,509.000000000000000,0.670000000000000,Mix,RR970245P,"Cib.w, wuellerstorfi, CW",NaN,3.220000000000000,NaN,NaN,NaN,NaN,NaN
-46.600000000000001,7.630000000000000,2494.000000000000000,0.620000000000000,D84,RC13-253,"Cib spp, cib",NaN,2.760000000000000,NaN,NaN,NaN,NaN,NaN
-43.820000000000000,51.320000000000000,3284.000000000000000,0.280000000000000,D84,MD73-025,"Cib spp, cib",NaN,3.000000000000000,NaN,NaN,NaN,NaN,NaN
-37.270000000000003,-10.100000000000000,3308.000000000000000,0.810000000000000,D84,RC12-294,"Cib spp, cib",NaN,2.700000000000000,NaN,NaN,NaN,NaN,NaN
-78.250000000000000,-37.810000000000002,1104.000000000000000,1.090000000000000,M12,1622-1,"Cib spp, cib",NaN,nan,NaN,NaN,NaN,NaN,ANT VI/3
-78.030000000000001,-39.340000000000003,1164.000000000000000,1.550000000000000,M12,1619-1,"Cib spp, cib",NaN,nan,NaN,NaN,NaN,NaN,ANT VI/3
-78.030000000000001,-37.539999999999999,1094.000000000000000,0.880000000000000,M12,1620-2,"Cib spp, cib",NaN,nan,NaN,NaN,NaN,NaN,ANT VI/3
-77.650000000000006,-44.890000000000001,255.000000000000000,0.980000000000000,M12,1276-1,"Cib spp, cib",NaN,nan,NaN,NaN,NaN,NaN,ANT III/3
-77.519999999999996,-45.990000000000002,233.000000000000000,1.130000000000000,M12,1275-1,"Cib spp, cib",NaN,nan,NaN,NaN,NaN,NaN,ANT III/3
-77.519999999999996,-35.119999999999997,422.000000000000000,1.220000000000000,M12,1618-2,"Cib spp, cib",NaN,nan,NaN,NaN,NaN,NaN,ANT VI/3
-77.480000000000004,-34.729999999999997,330.000000000000000,1.290000000000000,M12,1402-2,"Cib spp, cib",NaN,nan,NaN,NaN,NaN,NaN,ANT IV/3
-77.239999999999995,-34.539999999999999,475.000000000000000,1.240000000000000,M12,1010-1,"Cib spp, cib",NaN,nan,NaN,NaN,NaN,NaN,ANT I/2
-77.099999999999994,-48.600000000000001,241.000000000000000,1.400000000000000,M12,1214-1,"Cib spp, cib",NaN,nan,NaN,NaN,NaN,NaN,ANT II/4
-77.019999999999996,-34.130000000000003,518.000000000000000,1.140000000000000,M12,1617-2,"Cib spp, cib",NaN,nan,NaN,NaN,NaN,NaN,ANT VI/3
-76.950000000000003,-50.100000000000001,232.000000000000000,1.280000000000000,M12,1396-1,"Cib spp, cib",NaN,nan,NaN,NaN,NaN,NaN,ANT IV/3
-76.879999999999995,-33.380000000000003,441.000000000000000,1.070000000000000,M12,1403-1,"Cib spp, cib",NaN,nan,NaN,NaN,NaN,NaN,ANT IV/3
-76.870000000000005,-50.020000000000003,280.000000000000000,1.020000000000000,M12,1397-1,"Cib spp, cib",NaN,nan,NaN,NaN,NaN,NaN,ANT IV/3
-76.819999999999993,-51.020000000000003,261.000000000000000,1.210000000000000,M12,1399-1,"Cib spp, cib",NaN,nan,NaN,NaN,NaN,NaN,ANT IV/3
-76.769999999999996,-50.570000000000000,294.000000000000000,1.260000000000000,M12,1398-2,"Cib spp, cib",NaN,nan,NaN,NaN,NaN,NaN,ANT IV/3
-76.750000000000000,-36.320000000000000,996.000000000000000,1.250000000000000,M12,1220-3,"Cib spp, cib",NaN,nan,NaN,NaN,NaN,NaN,ANT II/4
-76.640000000000001,-30.629999999999999,301.000000000000000,1.020000000000000,M12,1473-1,"Cib spp, cib",NaN,nan,NaN,NaN,NaN,NaN,ANT V/4
-76.579999999999998,-49.780000000000001,296.000000000000000,1.120000000000000,M12,1424-1,"Cib spp, cib",NaN,nan,NaN,NaN,NaN,NaN,ANT IV/3
-76.579999999999998,-30.550000000000001,258.000000000000000,1.280000000000000,M12,1472-4,"Cib spp, cib",NaN,nan,NaN,NaN,NaN,NaN,ANT V/4
-76.489999999999995,-31.100000000000001,360.000000000000000,1.150000000000000,M12,1475-1,"Cib spp, cib",NaN,nan,NaN,NaN,NaN,NaN,ANT V/4
-76.000000000000000,-38.200000000000003,479.000000000000000,1.320000000000000,M12,1616-1,"Cib spp, cib",NaN,nan,NaN,NaN,NaN,NaN,ANT VI/3
-75.519999999999996,-56.899999999999999,425.000000000000000,1.370000000000000,M12,1212-1,"Cib spp, cib",NaN,nan,NaN,NaN,NaN,NaN,ANT II/4
-75.500000000000000,-36.240000000000002,486.000000000000000,1.110000000000000,M12,1615-2,"Cib spp, cib",NaN,nan,NaN,NaN,NaN,NaN,ANT VI/3
-75.359999999999999,-29.370000000000001,420.000000000000000,1.210000000000000,M12,1008-1,"Cib spp, cib",NaN,nan,NaN,NaN,NaN,NaN,ANT I/2
-75.290000000000006,-33.100000000000001,603.000000000000000,1.090000000000000,M12,1626-1,"Cib spp, cib",NaN,nan,NaN,NaN,NaN,NaN,ANT VI/3
-74.700000000000003,-61.320000000000000,478.000000000000000,1.360000000000000,M12,1423-1,"Cib spp, cib",NaN,nan,NaN,NaN,NaN,NaN,ANT IV/3
-74.680000000000007,-35.090000000000003,487.000000000000000,1.230000000000000,M12,1490-2,"Cib spp, cib",NaN,nan,NaN,NaN,NaN,NaN,ANT V/4
-74.670000000000002,-35.079999999999998,489.000000000000000,1.260000000000000,M12,1419-1,"Cib spp, cib",NaN,nan,NaN,NaN,NaN,NaN,ANT IV/3
-74.670000000000002,-33.950000000000003,550.000000000000000,1.260000000000000,M12,1421-1,"Cib spp, cib",NaN,nan,NaN,NaN,NaN,NaN,ANT IV/3
-74.659999999999997,-31.969999999999999,602.000000000000000,1.390000000000000,M12,1489-3,"Cib spp, cib",NaN,nan,NaN,NaN,NaN,NaN,ANT V/4
-74.650000000000006,-32.969999999999999,610.000000000000000,1.290000000000000,M12,1420-1,"Cib spp, cib",NaN,nan,NaN,NaN,NaN,NaN,ANT IV/3
-74.480000000000004,-35.600000000000001,779.000000000000000,1.090000000000000,M12,1418-1,"Cib spp, cib",NaN,nan,NaN,NaN,NaN,NaN,ANT IV/3
-74.420000000000002,-35.729999999999997,1158.000000000000000,1.160000000000000,M12,1417-1,"Cib spp, cib",NaN,nan,NaN,NaN,NaN,NaN,ANT IV/3
-74.329999999999998,-36.020000000000003,1527.000000000000000,1.090000000000000,M12,1416-1,"Cib spp, cib",NaN,nan,NaN,NaN,NaN,NaN,ANT IV/3
-74.250000000000000,-35.490000000000002,1779.000000000000000,0.780000000000000,M12,1493-2,"Cib spp, cib",NaN,nan,NaN,NaN,NaN,NaN,ANT V/4
-74.239999999999995,-27.340000000000000,2443.000000000000000,0.230000000000000,M12,1598-2,"Cib spp, cib",NaN,nan,NaN,NaN,NaN,NaN,ANT VI/3
-74.230000000000004,-26.260000000000002,2467.000000000000000,0.090000000000000,M12,1596-1,"Cib spp, cib",NaN,nan,NaN,NaN,NaN,NaN,ANT VI/3
-74.180000000000007,-36.590000000000003,1609.000000000000000,1.250000000000000,M12,1495-1,"Cib spp, cib",NaN,nan,NaN,NaN,NaN,NaN,ANT V/4
-74.180000000000007,-35.490000000000002,1944.000000000000000,0.650000000000000,M12,1494-3,"Cib spp, cib",NaN,nan,NaN,NaN,NaN,NaN,ANT V/4
-74.180000000000007,-27.449999999999999,2512.000000000000000,0.240000000000000,M12,1600-2,"Cib spp, cib",NaN,nan,NaN,NaN,NaN,NaN,ANT VI/3
-74.099999999999994,-35.649999999999999,2117.000000000000000,0.840000000000000,M12,1415-1,"Cib spp, cib",NaN,nan,NaN,NaN,NaN,NaN,ANT IV/3
-74.099999999999994,-33.680000000000000,1610.000000000000000,0.830000000000000,M12,1607-1,"Cib spp, cib",NaN,nan,NaN,NaN,NaN,NaN,ANT VI/3
-74.069999999999993,-27.690000000000001,2482.000000000000000,0.430000000000000,M12,1599-1,"Cib spp, cib",NaN,nan,NaN,NaN,NaN,NaN,ANT VI/3
-74.049999999999997,-31.760000000000002,1674.000000000000000,0.160000000000000,M12,1605-3,"Cib spp, cib",NaN,nan,NaN,NaN,NaN,NaN,ANT VI/3
-74.000000000000000,-27.829999999999998,2555.000000000000000,0.250000000000000,M12,1603-2,"Cib spp, cib",NaN,nan,NaN,NaN,NaN,NaN,ANT VI/3
-73.989999999999995,-35.159999999999997,2314.000000000000000,0.900000000000000,M12,1496-2,"Cib spp, cib",NaN,nan,NaN,NaN,NaN,NaN,ANT V/4
-73.969999999999999,-35.920000000000002,2038.000000000000000,1.010000000000000,M12,1497-1,"Cib spp, cib",NaN,nan,NaN,NaN,NaN,NaN,ANT V/4
-73.909999999999997,-22.800000000000001,242.000000000000000,1.270000000000000,M12,1281-1,"Cib spp, cib",NaN,nan,NaN,NaN,NaN,NaN,ANT III/3
-73.819999999999993,-24.199999999999999,1711.000000000000000,0.470000000000000,M12,1501-1,"Cib spp, cib",NaN,nan,NaN,NaN,NaN,NaN,ANT V/4
-73.719999999999999,-28.699999999999999,2813.000000000000000,0.410000000000000,M12,1602-1,"Cib spp, cib",NaN,nan,NaN,NaN,NaN,NaN,ANT VI/3
-73.599999999999994,-35.320000000000000,2500.000000000000000,0.910000000000000,M12,1414-1,"Cib spp, cib",NaN,nan,NaN,NaN,NaN,NaN,ANT IV/3
-73.500000000000000,-34.009999999999998,2933.000000000000000,0.580000000000000,M12,1606-1,"Cib spp, cib",NaN,nan,NaN,NaN,NaN,NaN,ANT VI/3
-73.500000000000000,-32.020000000000003,2844.000000000000000,0.570000000000000,M12,1499-2,"Cib spp, cib",NaN,nan,NaN,NaN,NaN,NaN,ANT V/4
-73.489999999999995,-35.530000000000001,2825.000000000000000,0.490000000000000,M12,1498-1,"Cib spp, cib",NaN,nan,NaN,NaN,NaN,NaN,ANT V/4
-73.420000000000002,-82.890000000000001,578.000000000000000,-0.270000000000000,M12,2532-2,"Cib spp, cib",NaN,nan,NaN,NaN,NaN,NaN,ANT XI/3
-73.200000000000003,-20.640000000000001,515.000000000000000,1.210000000000000,M12,1267-1,"Cib spp, cib",NaN,nan,NaN,NaN,NaN,NaN,ANT III/3
-73.170000000000002,-20.670000000000002,1529.000000000000000,0.780000000000000,M12,1266-1,"Cib spp, cib",NaN,nan,NaN,NaN,NaN,NaN,ANT III/3
-72.930000000000007,-21.520000000000000,3278.000000000000000,0.540000000000000,M12,1283-1,"Cib spp, cib",NaN,nan,NaN,NaN,NaN,NaN,ANT III/3
-72.870000000000005,-19.300000000000001,388.000000000000000,0.890000000000000,M12,1471-1,"Cib spp, cib",NaN,nan,NaN,NaN,NaN,NaN,ANT V/4
-72.829999999999998,-72.579999999999998,757.000000000000000,-0.120000000000000,M12,2531-1,"Cib spp, cib",NaN,nan,NaN,NaN,NaN,NaN,ANT XI/3
-72.500000000000000,-17.469999999999999,242.000000000000000,1.400000000000000,M12,1284-1,"Cib spp, cib",NaN,nan,NaN,NaN,NaN,NaN,ANT III/3
-72.489999999999995,-73.349999999999994,560.000000000000000,0.190000000000000,M12,2529-1,"Cib spp, cib",NaN,nan,NaN,NaN,NaN,NaN,ANT XI/3
-72.439999999999998,-35.640000000000001,3575.000000000000000,0.610000000000000,M12,2816-1,"Cib spp, cib",NaN,nan,NaN,NaN,NaN,NaN,ANT XIV/3
-72.439999999999998,-34.490000000000002,3547.000000000000000,0.790000000000000,M12,2817-2,"Cib spp, cib",NaN,nan,NaN,NaN,NaN,NaN,ANT XIV/3
-72.430000000000007,-23.629999999999999,4030.000000000000000,0.660000000000000,M12,1371-1,"Cib spp, cib",NaN,nan,NaN,NaN,NaN,NaN,ANT IV/3
-72.390000000000001,-17.850000000000001,1432.000000000000000,0.600000000000000,M12,2819-1,"Cib spp, cib",NaN,nan,NaN,NaN,NaN,NaN,ANT XIV/3
-72.379999999999995,-19.910000000000000,3546.000000000000000,0.730000000000000,M12,1502-1,"Cib spp, cib",NaN,nan,NaN,NaN,NaN,NaN,ANT V/4
-72.340000000000003,-26.840000000000000,3767.000000000000000,0.660000000000000,M12,1636-1,"Cib spp, cib",NaN,nan,NaN,NaN,NaN,NaN,ANT VI/3
-72.329999999999998,-16.520000000000000,310.000000000000000,1.410000000000000,M12,1367-1,"Cib spp, cib",NaN,nan,NaN,NaN,NaN,NaN,ANT IV/3
-72.290000000000006,-30.820000000000000,3551.000000000000000,0.340000000000000,M12,1500-2,"Cib spp, cib",NaN,nan,NaN,NaN,NaN,NaN,ANT V/4
-72.250000000000000,-16.879999999999999,1237.000000000000000,0.790000000000000,M12,1373-2,"Cib spp, cib",NaN,nan,NaN,NaN,NaN,NaN,ANT IV/3
-72.200000000000003,-16.719999999999999,802.000000000000000,0.840000000000000,M12,1372-2,"Cib spp, cib",NaN,nan,NaN,NaN,NaN,NaN,ANT IV/3
-72.060000000000002,-30.430000000000000,3654.000000000000000,0.740000000000000,M12,2818-2,"Cib spp, cib",NaN,nan,NaN,NaN,NaN,NaN,ANT XIV/3
-71.989999999999995,-75.280000000000001,446.000000000000000,0.550000000000000,M12,2528-1,"Cib spp, cib",NaN,nan,NaN,NaN,NaN,NaN,ANT XI/3
-71.969999999999999,-15.300000000000001,299.000000000000000,1.290000000000000,M12,1376-2,"Cib spp, cib",NaN,nan,NaN,NaN,NaN,NaN,ANT IV/3
-71.900000000000006,-18.270000000000000,3181.000000000000000,0.660000000000000,M12,1369-1,"Cib spp, cib",NaN,nan,NaN,NaN,NaN,NaN,ANT IV/3
-71.870000000000005,-23.449999999999999,3957.000000000000000,0.580000000000000,M12,1635-2,"Cib spp, cib",NaN,nan,NaN,NaN,NaN,NaN,ANT VI/3
-71.799999999999997,-105.189999999999998,546.000000000000000,0.630000000000000,M12,2544-1,"Cib spp, cib",NaN,nan,NaN,NaN,NaN,NaN,ANT XI/3
-71.750000000000000,-18.980000000000000,4017.000000000000000,0.640000000000000,M12,1368-1,"Cib spp, cib",NaN,nan,NaN,NaN,NaN,NaN,ANT IV/3
-71.719999999999999,-19.250000000000000,4133.000000000000000,0.520000000000000,M12,1483-2,"Cib spp, cib",NaN,nan,NaN,NaN,NaN,NaN,ANT V/4
-71.709999999999994,-38.430000000000000,3699.000000000000000,1.230000000000000,M12,2815-1,"Cib spp, cib",NaN,nan,NaN,NaN,NaN,NaN,ANT XIV/3
-71.480000000000004,-76.090000000000003,730.000000000000000,-0.300000000000000,M12,2527-1,"Cib spp, cib",NaN,nan,NaN,NaN,NaN,NaN,ANT XI/3
-71.469999999999999,-24.840000000000000,3697.000000000000000,0.740000000000000,M12,2003-4,"Cib spp, cib",NaN,nan,NaN,NaN,NaN,NaN,ANT IX/3
-71.390000000000001,-24.329999999999998,3929.000000000000000,0.730000000000000,M12,2008-2,"Cib spp, cib",NaN,nan,NaN,NaN,NaN,NaN,ANT IX/3
-71.390000000000001,-24.129999999999999,4225.000000000000000,0.420000000000000,M12,2007-2,"Cib spp, cib",NaN,nan,NaN,NaN,NaN,NaN,ANT IX/3
-71.379999999999995,-24.390000000000001,3881.000000000000000,0.640000000000000,M12,2005-2,"Cib spp, cib",NaN,nan,NaN,NaN,NaN,NaN,ANT IX/3
-71.349999999999994,-13.410000000000000,229.000000000000000,1.350000000000000,M12,1265-1,"Cib spp, cib",NaN,nan,NaN,NaN,NaN,NaN,ANT III/3
-71.329999999999998,-13.420000000000000,237.000000000000000,1.280000000000000,M12,1406-1,"Cib spp, cib",NaN,nan,NaN,NaN,NaN,NaN,ANT IV/3
-71.250000000000000,-13.570000000000000,431.000000000000000,1.190000000000000,M12,1407-1,"Cib spp, cib",NaN,nan,NaN,NaN,NaN,NaN,ANT IV/3
-71.180000000000007,-13.550000000000001,1521.000000000000000,0.620000000000000,M12,1410-1,"Cib spp, cib",NaN,nan,NaN,NaN,NaN,NaN,ANT IV/3
-71.150000000000006,-13.570000000000000,1822.000000000000000,0.180000000000000,M12,1411-1,"Cib spp, cib",NaN,nan,NaN,NaN,NaN,NaN,ANT IV/3
-71.099999999999994,-20.780000000000001,4453.000000000000000,0.700000000000000,M12,2011-1,"Cib spp, cib",NaN,nan,NaN,NaN,NaN,NaN,ANT IX/3
-71.019999999999996,-85.900000000000006,594.000000000000000,0.800000000000000,M12,2533-1,"Cib spp, cib",NaN,nan,NaN,NaN,NaN,NaN,ANT XI/3
-70.980000000000004,-11.210000000000001,374.000000000000000,1.110000000000000,M12,1643-3,"Cib spp, cib",NaN,nan,NaN,NaN,NaN,NaN,ANT VI/3
-70.950000000000003,-89.340000000000003,547.000000000000000,0.790000000000000,M12,2543-3,"Cib spp, cib",NaN,nan,NaN,NaN,NaN,NaN,ANT XI/3
-70.930000000000007,-13.150000000000000,1938.000000000000000,0.640000000000000,M12,1645-1,"Cib spp, cib",NaN,nan,NaN,NaN,NaN,NaN,ANT VI/3
-70.829999999999998,-14.570000000000000,2360.000000000000000,0.730000000000000,M12,1591-2,"Cib spp, cib",NaN,nan,NaN,NaN,NaN,NaN,ANT VI/3
-70.829999999999998,-13.960000000000001,2456.000000000000000,0.640000000000000,M12,1481-2,"Cib spp, cib",NaN,nan,NaN,NaN,NaN,NaN,ANT V/4
-70.799999999999997,-119.510000000000005,2649.000000000000000,0.730000000000000,M12,2548-2,"Cib spp, cib",NaN,nan,NaN,NaN,NaN,NaN,ANT XI/3
-70.780000000000001,-12.640000000000001,2077.000000000000000,0.680000000000000,M12,1480-2,"Cib spp, cib",NaN,nan,NaN,NaN,NaN,NaN,ANT V/4
-70.629999999999995,-25.000000000000000,4287.000000000000000,0.410000000000000,M12,2800-2,"Cib spp, cib",NaN,nan,NaN,NaN,NaN,NaN,ANT XIV/3
-70.620000000000005,-13.980000000000000,2765.000000000000000,0.840000000000000,M12,1224-3,"Cib spp, cib",NaN,nan,NaN,NaN,NaN,NaN,ANT II/4
-70.579999999999998,-14.380000000000001,3453.000000000000000,0.670000000000000,M12,1590-1,"Cib spp, cib",NaN,nan,NaN,NaN,NaN,NaN,ANT VI/3
-70.579999999999998,-7.940000000000000,162.000000000000000,1.340000000000000,M12,1505-1,"Cib spp, cib",NaN,nan,NaN,NaN,NaN,NaN,ANT V/4
-70.560000000000002,-8.119999999999999,140.000000000000000,1.390000000000000,M12,1288-1,"Cib spp, cib",NaN,nan,NaN,NaN,NaN,NaN,ANT III/3
-70.549999999999997,-13.390000000000001,2321.000000000000000,0.680000000000000,M12,1479-1,"Cib spp, cib",NaN,nan,NaN,NaN,NaN,NaN,ANT V/4
-70.510000000000005,-87.099999999999994,677.000000000000000,0.730000000000000,M12,2542-1,"Cib spp, cib",NaN,nan,NaN,NaN,NaN,NaN,ANT XI/3
-70.510000000000005,-7.970000000000000,234.000000000000000,1.150000000000000,M12,1002-2,"Cib spp, cib",NaN,nan,NaN,NaN,NaN,NaN,ANT I/2
-70.500000000000000,-14.840000000000000,4507.000000000000000,0.630000000000000,M12,1482-2,"Cib spp, cib",NaN,nan,NaN,NaN,NaN,NaN,ANT V/4
-70.500000000000000,-10.650000000000000,1567.000000000000000,0.420000000000000,M12,1639-1,"Cib spp, cib",NaN,nan,NaN,NaN,NaN,NaN,ANT VI/3
-70.480000000000004,-9.600000000000000,340.000000000000000,1.200000000000000,M12,1385-1,"Cib spp, cib",NaN,nan,NaN,NaN,NaN,NaN,ANT IV/3
-70.469999999999999,-9.619999999999999,714.000000000000000,0.860000000000000,M12,1384-1,"Cib spp, cib",NaN,nan,NaN,NaN,NaN,NaN,ANT IV/3
-70.450000000000003,-8.420000000000000,390.000000000000000,1.350000000000000,M12,1366-2,"Cib spp, cib",NaN,nan,NaN,NaN,NaN,NaN,ANT IV/3
-70.430000000000007,-9.580000000000000,1068.000000000000000,0.730000000000000,M12,1383-1,"Cib spp, cib",NaN,nan,NaN,NaN,NaN,NaN,ANT IV/3
-70.430000000000007,-7.000000000000000,610.000000000000000,1.360000000000000,M12,2067-1,"Cib spp, cib",NaN,nan,NaN,NaN,NaN,NaN,ANT IX/3
-70.400000000000006,-5.000000000000000,432.000000000000000,1.080000000000000,M12,2066-1,"Cib spp, cib",NaN,nan,NaN,NaN,NaN,NaN,ANT IX/3
-70.379999999999995,-12.590000000000000,2227.000000000000000,0.690000000000000,M12,1478-1,"Cib spp, cib",NaN,nan,NaN,NaN,NaN,NaN,ANT V/4
-70.370000000000005,4.050000000000000,515.000000000000000,0.940000000000000,M12,2017-2,"Cib spp, cib",NaN,nan,NaN,NaN,NaN,NaN,ANT IX/3
-70.349999999999994,-6.770000000000000,456.000000000000000,1.270000000000000,M12,1425-1,"Cib spp, cib",NaN,nan,NaN,NaN,NaN,NaN,ANT IV/3
-70.329999999999998,-11.690000000000000,2113.000000000000000,0.450000000000000,M12,1640-3,"Cib spp, cib",NaN,nan,NaN,NaN,NaN,NaN,ANT VI/3
-70.329999999999998,-10.980000000000000,1759.000000000000000,0.210000000000000,M12,1647-2,"Cib spp, cib",NaN,nan,NaN,NaN,NaN,NaN,ANT VI/3
-70.319999999999993,-6.900000000000000,803.000000000000000,0.170000000000000,M12,1427-1,"Cib spp, cib",NaN,nan,NaN,NaN,NaN,NaN,ANT IV/3
-70.319999999999993,-6.830000000000000,612.000000000000000,1.170000000000000,M12,1426-1,"Cib spp, cib",NaN,nan,NaN,NaN,NaN,NaN,ANT IV/3
-70.269999999999996,-6.900000000000000,1165.000000000000000,-0.340000000000000,M12,1428-1,"Cib spp, cib",NaN,nan,NaN,NaN,NaN,NaN,ANT IV/3
-70.260000000000005,-87.579999999999998,1241.000000000000000,0.760000000000000,M12,2541-2,"Cib spp, cib",NaN,nan,NaN,NaN,NaN,NaN,ANT XI/3
-70.219999999999999,-6.980000000000000,1499.000000000000000,0.520000000000000,M12,1395-1,"Cib spp, cib",NaN,nan,NaN,NaN,NaN,NaN,ANT IV/3
-70.200000000000003,-9.779999999999999,1866.000000000000000,0.500000000000000,M12,1381-1,"Cib spp, cib",NaN,nan,NaN,NaN,NaN,NaN,ANT IV/3
-70.099999999999994,-6.780000000000000,1759.000000000000000,0.270000000000000,M12,1394-3,"Cib spp, cib",NaN,nan,NaN,NaN,NaN,NaN,ANT IV/3
-70.099999999999994,-6.770000000000000,1950.000000000000000,0.330000000000000,M12,1477-1,"Cib spp, cib",NaN,nan,NaN,NaN,NaN,NaN,ANT V/4
-70.099999999999994,-6.500000000000000,1797.000000000000000,0.680000000000000,M12,1391-1,"Cib spp, cib",NaN,nan,NaN,NaN,NaN,NaN,ANT IV/3
-70.099999999999994,5.200000000000000,470.000000000000000,1.420000000000000,M12,2042-3,"Cib spp, cib",NaN,nan,NaN,NaN,NaN,NaN,ANT IX/3
-70.060000000000002,-87.930000000000007,1822.000000000000000,0.830000000000000,M12,2540-1,"Cib spp, cib",NaN,nan,NaN,NaN,NaN,NaN,ANT XI/3
-70.040000000000006,6.750000000000000,643.000000000000000,1.230000000000000,M12,2025-1,"Cib spp, cib",NaN,nan,NaN,NaN,NaN,NaN,ANT IX/3
-70.019999999999996,4.090000000000000,905.000000000000000,0.830000000000000,M12,2061-3,"Cib spp, cib",NaN,nan,NaN,NaN,NaN,NaN,ANT IX/3
-70.010000000000005,-80.060000000000002,580.000000000000000,0.660000000000000,M12,2526-1,"Cib spp, cib",NaN,nan,NaN,NaN,NaN,NaN,ANT XI/3
-70.010000000000005,11.760000000000000,209.000000000000000,1.240000000000000,M12,2028-1,"Cib spp, cib",NaN,nan,NaN,NaN,NaN,NaN,ANT IX/3
-70.000000000000000,-9.970000000000001,2072.000000000000000,0.470000000000000,M12,1380-1,"Cib spp, cib",NaN,nan,NaN,NaN,NaN,NaN,ANT IV/3
-70.000000000000000,8.970000000000002,463.000000000000000,1.400000000000000,M12,2031-1,"Cib spp, cib",NaN,nan,NaN,NaN,NaN,NaN,ANT IX/3
-69.969999999999999,5.910000000000000,562.000000000000000,1.030000000000000,M12,2024-3,"Cib spp, cib",NaN,nan,NaN,NaN,NaN,NaN,ANT IX/3
-69.969999999999999,6.340000000000000,311.000000000000000,1.410000000000000,M12,2033-3,"Cib spp, cib",NaN,nan,NaN,NaN,NaN,NaN,ANT IX/3
-69.969999999999999,8.029999999999999,191.000000000000000,1.190000000000000,M12,2032-2,"Cib spp, cib",NaN,nan,NaN,NaN,NaN,NaN,ANT IX/3
-69.969999999999999,12.180000000000000,155.000000000000000,1.520000000000000,M12,2058-1,"Cib spp, cib",NaN,nan,NaN,NaN,NaN,NaN,ANT IX/3
-69.959999999999994,11.810000000000000,208.000000000000000,1.510000000000000,M12,2057-2,"Cib spp, cib",NaN,nan,NaN,NaN,NaN,NaN,ANT IX/3
-69.950000000000003,6.240000000000000,734.000000000000000,1.240000000000000,M12,2034-3,"Cib spp, cib",NaN,nan,NaN,NaN,NaN,NaN,ANT IX/3
-69.879999999999995,-118.219999999999999,3109.000000000000000,0.520000000000000,M12,2550-2,"Cib spp, cib",NaN,nan,NaN,NaN,NaN,NaN,ANT XI/3
-69.849999999999994,-88.689999999999998,2633.000000000000000,0.890000000000000,M12,2539-2,"Cib spp, cib",NaN,nan,NaN,NaN,NaN,NaN,ANT XI/3
-69.790000000000006,0.770000000000000,414.000000000000000,1.390000000000000,M12,2043-2,"Cib spp, cib",NaN,nan,NaN,NaN,NaN,NaN,ANT IX/3
-69.750000000000000,10.710000000000001,348.000000000000000,1.130000000000000,M12,2059-1,"Cib spp, cib",NaN,nan,NaN,NaN,NaN,NaN,ANT IX/3
-69.739999999999995,-6.510000000000000,2550.000000000000000,0.460000000000000,M12,1648-2,"Cib spp, cib",NaN,nan,NaN,NaN,NaN,NaN,ANT VI/3
-69.730000000000004,-88.920000000000002,3236.000000000000000,0.520000000000000,M12,2538-1,"Cib spp, cib",NaN,nan,NaN,NaN,NaN,NaN,ANT XI/3
-69.730000000000004,-10.250000000000000,3210.000000000000000,0.680000000000000,M12,1379-1,"Cib spp, cib",NaN,nan,NaN,NaN,NaN,NaN,ANT IV/3
-69.730000000000004,-9.859999999999999,2333.000000000000000,0.510000000000000,M12,1638-1,"Cib spp, cib",NaN,nan,NaN,NaN,NaN,NaN,ANT VI/3
-69.709999999999994,-1.020000000000000,2232.000000000000000,0.330000000000000,M12,2020-1,"Cib spp, cib",NaN,nan,NaN,NaN,NaN,NaN,ANT IX/3
-69.709999999999994,-0.560000000000000,2060.000000000000000,0.520000000000000,M12,2065-1,"Cib spp, cib",NaN,nan,NaN,NaN,NaN,NaN,ANT IX/3
-69.709999999999994,6.270000000000000,1646.000000000000000,0.110000000000000,M12,2037-2,"Cib spp, cib",NaN,nan,NaN,NaN,NaN,NaN,ANT IX/3
-69.680000000000007,0.780000000000000,1434.000000000000000,0.160000000000000,M12,2045-2,"Cib spp, cib",NaN,nan,NaN,NaN,NaN,NaN,ANT IX/3
-69.650000000000006,0.020000000000000,1580.000000000000000,0.520000000000000,M12,2064-2,"Cib spp, cib",NaN,nan,NaN,NaN,NaN,NaN,ANT IX/3
-69.620000000000005,-6.400000000000000,2784.000000000000000,0.480000000000000,M12,1390-1,"Cib spp, cib",NaN,nan,NaN,NaN,NaN,NaN,ANT IV/3
-69.620000000000005,1.040000000000000,1794.000000000000000,0.350000000000000,M12,2046-2,"Cib spp, cib",NaN,nan,NaN,NaN,NaN,NaN,ANT IX/3
-69.500000000000000,-94.170000000000002,3586.000000000000000,0.240000000000000,M12,2556-1,"Cib spp, cib",NaN,nan,NaN,NaN,NaN,NaN,ANT XI/3
-69.489999999999995,1.210000000000000,2366.000000000000000,0.670000000000000,M12,2047-2,"Cib spp, cib",NaN,nan,NaN,NaN,NaN,NaN,ANT IX/3
-69.430000000000007,-10.500000000000000,3735.000000000000000,0.630000000000000,M12,1378-1,"Cib spp, cib",NaN,nan,NaN,NaN,NaN,NaN,ANT IV/3
-69.420000000000002,13.590000000000000,280.000000000000000,1.320000000000000,M12,2586-1,"Cib spp, cib",NaN,nan,NaN,NaN,NaN,NaN,ANT XI/4
-69.349999999999994,6.300000000000000,1619.000000000000000,-0.100000000000000,M12,2038-3,"Cib spp, cib",NaN,nan,NaN,NaN,NaN,NaN,ANT IX/3
-69.310000000000002,-89.730000000000004,3781.000000000000000,0.420000000000000,M12,2537-1,"Cib spp, cib",NaN,nan,NaN,NaN,NaN,NaN,ANT XI/3
-69.269999999999996,-10.730000000000000,3812.000000000000000,0.490000000000000,M12,1377-1,"Cib spp, cib",NaN,nan,NaN,NaN,NaN,NaN,ANT IV/3
-69.230000000000004,-5.980000000000000,2292.000000000000000,0.620000000000000,M12,1389-1,"Cib spp, cib",NaN,nan,NaN,NaN,NaN,NaN,ANT IV/3
-69.219999999999999,-97.450000000000003,4298.000000000000000,0.540000000000000,M12,2553-2,"Cib spp, cib",NaN,nan,NaN,NaN,NaN,NaN,ANT XI/3
-69.079999999999998,0.880000000000000,3283.000000000000000,0.560000000000000,M12,2049-2,"Cib spp, cib",NaN,nan,NaN,NaN,NaN,NaN,ANT IX/3
-69.030000000000001,-5.880000000000000,2531.000000000000000,0.620000000000000,M12,1388-1,"Cib spp, cib",NaN,nan,NaN,NaN,NaN,NaN,ANT IV/3
-68.849999999999994,-90.879999999999995,264.000000000000000,-0.310000000000000,M12,2534-2,"Cib spp, cib",NaN,nan,NaN,NaN,NaN,NaN,ANT XI/3
-68.840000000000003,6.240000000000000,2625.000000000000000,0.260000000000000,M12,2040-1,"Cib spp, cib",NaN,nan,NaN,NaN,NaN,NaN,ANT IX/3
-68.760000000000005,-44.590000000000003,4020.000000000000000,0.840000000000000,M12,2814-1,"Cib spp, cib",NaN,nan,NaN,NaN,NaN,NaN,ANT XIV/3
-68.739999999999995,6.130000000000000,3053.000000000000000,0.360000000000000,M12,2056-2,"Cib spp, cib",NaN,nan,NaN,NaN,NaN,NaN,ANT IX/3
-68.730000000000004,-5.830000000000000,2435.000000000000000,0.980000000000000,M12,1387-1,"Cib spp, cib",NaN,nan,NaN,NaN,NaN,NaN,ANT IV/3
-68.719999999999999,12.859999999999999,2335.000000000000000,0.310000000000000,M12,2587-1,"Cib spp, cib",NaN,nan,NaN,NaN,NaN,NaN,ANT XI/4
-68.670000000000002,-4.270000000000000,3501.000000000000000,0.360000000000000,M12,012-2,"Cib spp, cib",NaN,nan,NaN,NaN,NaN,NaN,ANT XVII/2
-68.530000000000001,-5.770000000000000,3471.000000000000000,0.660000000000000,M12,1588-3,"Cib spp, cib",NaN,nan,NaN,NaN,NaN,NaN,ANT VI/3
-68.329999999999998,-5.620000000000000,4405.000000000000000,0.650000000000000,M12,1386-1,"Cib spp, cib",NaN,nan,NaN,NaN,NaN,NaN,ANT IV/3
-68.319999999999993,-89.629999999999995,3953.000000000000000,0.600000000000000,M12,2686-2,"Cib spp, cib",NaN,nan,NaN,NaN,NaN,NaN,ANT XII/4
-68.319999999999993,-8.859999999999999,3235.000000000000000,0.350000000000000,M12,011-1,"Cib spp, cib",NaN,nan,NaN,NaN,NaN,NaN,ANT XVII/2
-68.290000000000006,6.250000000000000,3607.000000000000000,0.320000000000000,M12,2055-3,"Cib spp, cib",NaN,nan,NaN,NaN,NaN,NaN,ANT IX/3
-68.269999999999996,-73.439999999999998,453.000000000000000,0.250000000000000,M12,2525-1,"Cib spp, cib",NaN,nan,NaN,NaN,NaN,NaN,ANT XI/3
-68.069999999999993,-92.629999999999995,4454.000000000000000,0.190000000000000,M12,2687-5,"Cib spp, cib",NaN,nan,NaN,NaN,NaN,NaN,ANT XII/4
-68.010000000000005,-50.030000000000001,3432.000000000000000,1.060000000000000,M12,2804-1,"Cib spp, cib",NaN,nan,NaN,NaN,NaN,NaN,ANT XIV/3
-67.989999999999995,-47.509999999999998,3576.000000000000000,0.950000000000000,M12,2803-2,"Cib spp, cib",NaN,nan,NaN,NaN,NaN,NaN,ANT XIV/3
-67.909999999999997,-45.240000000000002,3735.000000000000000,0.840000000000000,M12,2802-1,"Cib spp, cib",NaN,nan,NaN,NaN,NaN,NaN,ANT XIV/3
-67.750000000000000,33.310000000000002,805.000000000000000,0.540000000000000,M12,1818-5,"Cib spp, cib",NaN,nan,NaN,NaN,NaN,NaN,ANT VIII/6
-67.530000000000001,20.530000000000001,4073.000000000000000,0.660000000000000,M12,2588-2,"Cib spp, cib",NaN,nan,NaN,NaN,NaN,NaN,ANT XI/4
-67.219999999999999,-90.799999999999997,2404.000000000000000,0.290000000000000,M12,2690-1,"Cib spp, cib",NaN,nan,NaN,NaN,NaN,NaN,ANT XII/4
-67.219999999999999,33.490000000000002,1192.000000000000000,0.750000000000000,M12,1819-1,"Cib spp, cib",NaN,nan,NaN,NaN,NaN,NaN,ANT VIII/6
-67.069999999999993,-91.819999999999993,4627.000000000000000,0.320000000000000,M12,2688-4,"Cib spp, cib",NaN,nan,NaN,NaN,NaN,NaN,ANT XII/4
-67.069999999999993,37.479999999999997,4030.000000000000000,0.390000000000000,M12,1821-1,"Cib spp, cib",NaN,nan,NaN,NaN,NaN,NaN,ANT VIII/6
-66.989999999999995,-32.359999999999999,4655.000000000000000,0.640000000000000,M12,1508-2,"Cib spp, cib",NaN,nan,NaN,NaN,NaN,NaN,ANT V/4
-66.950000000000003,4.930000000000000,4150.000000000000000,0.590000000000000,M12,1452-1,"Cib spp, cib",NaN,nan,NaN,NaN,NaN,NaN,ANT IV/4
-66.920000000000002,34.299999999999997,3980.000000000000000,0.570000000000000,M12,1822-5,"Cib spp, cib",NaN,nan,NaN,NaN,NaN,NaN,ANT VIII/6
-66.890000000000001,-74.120000000000005,3436.000000000000000,0.230000000000000,M12,2522-1,"Cib spp, cib",NaN,nan,NaN,NaN,NaN,NaN,ANT XI/3
-66.829999999999998,-4.210000000000000,4707.000000000000000,0.720000000000000,M12,1587-1,"Cib spp, cib",NaN,nan,NaN,NaN,NaN,NaN,ANT VI/3
-66.549999999999997,-50.009999999999998,3430.000000000000000,0.730000000000000,M12,2812-1,"Cib spp, cib",NaN,nan,NaN,NaN,NaN,NaN,ANT XIV/3
-66.280000000000001,-50.840000000000003,3152.000000000000000,0.640000000000000,M12,2811-2,"Cib spp, cib",NaN,nan,NaN,NaN,NaN,NaN,ANT XIV/3
-66.189999999999998,35.320000000000000,4154.000000000000000,0.760000000000000,M12,1805-1,"Cib spp, cib",NaN,nan,NaN,NaN,NaN,NaN,ANT VIII/6
-66.109999999999999,34.109999999999999,1857.000000000000000,0.610000000000000,M12,1807-2,"Cib spp, cib",NaN,nan,NaN,NaN,NaN,NaN,ANT VIII/6
-66.109999999999999,34.289999999999999,2952.000000000000000,0.680000000000000,M12,1806-1,"Cib spp, cib",NaN,nan,NaN,NaN,NaN,NaN,ANT VIII/6
-66.099999999999994,-52.250000000000000,2780.000000000000000,1.000000000000000,M12,2809-2,"Cib spp, cib",NaN,nan,NaN,NaN,NaN,NaN,ANT XIV/3
-66.099999999999994,-52.250000000000000,2869.000000000000000,1.230000000000000,M12,2808-1,"Cib spp, cib",NaN,nan,NaN,NaN,NaN,NaN,ANT XIV/3
-66.090000000000003,33.700000000000003,1146.000000000000000,0.330000000000000,M12,1811-1,"Cib spp, cib",NaN,nan,NaN,NaN,NaN,NaN,ANT VIII/6
-66.069999999999993,-0.820000000000000,4322.000000000000000,-0.010000000000000,M12,1453-1,"Cib spp, cib",NaN,nan,NaN,NaN,NaN,NaN,ANT IV/4
-66.060000000000002,33.280000000000001,1358.000000000000000,0.230000000000000,M12,1812-1,"Cib spp, cib",NaN,nan,NaN,NaN,NaN,NaN,ANT VIII/6
-66.040000000000006,-56.530000000000001,466.000000000000000,1.090000000000000,M12,2805-1,"Cib spp, cib",NaN,nan,NaN,NaN,NaN,NaN,ANT XIV/3
-66.010000000000005,15.300000000000001,3770.000000000000000,0.460000000000000,M12,1828-6,"Cib spp, cib",NaN,nan,NaN,NaN,NaN,NaN,ANT VIII/6
-66.000000000000000,-15.500000000000000,5076.000000000000000,0.730000000000000,M12,006-1,"Cib spp, cib",NaN,nan,NaN,NaN,NaN,NaN,ANT XVII/2
-65.980000000000004,-53.740000000000002,150.000000000000000,1.580000000000000,M12,2806-1,"Cib spp, cib",NaN,nan,NaN,NaN,NaN,NaN,ANT XIV/3
-65.870000000000005,-0.220000000000000,3840.000000000000000,0.170000000000000,M12,1581-2,"Cib spp, cib",NaN,nan,NaN,NaN,NaN,NaN,ANT VI/3
-65.819999999999993,14.140000000000001,2900.000000000000000,0.270000000000000,M12,1829-5,"Cib spp, cib",NaN,nan,NaN,NaN,NaN,NaN,ANT VIII/6
-65.750000000000000,-69.049999999999997,218.000000000000000,0.480000000000000,M12,1555-2,"Cib spp, cib",NaN,nan,NaN,NaN,NaN,NaN,ANT VI/2
-65.739999999999995,13.650000000000000,2341.000000000000000,0.230000000000000,M12,1831-6,"Cib spp, cib",NaN,nan,NaN,NaN,NaN,NaN,ANT VIII/6
-65.709999999999994,0.270000000000000,3474.000000000000000,0.460000000000000,M12,1582-1,"Cib spp, cib",NaN,nan,NaN,NaN,NaN,NaN,ANT VI/3
-65.530000000000001,0.600000000000000,3228.000000000000000,0.370000000000000,M12,1454-1,"Cib spp, cib",NaN,nan,NaN,NaN,NaN,NaN,ANT IV/4
-65.420000000000002,1.080000000000000,2730.000000000000000,0.290000000000000,M12,1455-4,"Cib spp, cib",NaN,nan,NaN,NaN,NaN,NaN,ANT IV/4
-65.390000000000001,-91.170000000000002,4715.000000000000000,0.460000000000000,M12,2691-1,"Cib spp, cib",NaN,nan,NaN,NaN,NaN,NaN,ANT XII/4
-65.359999999999999,-66.459999999999994,458.000000000000000,-0.730000000000000,M12,1557-1,"Cib spp, cib",NaN,nan,NaN,NaN,NaN,NaN,ANT VI/2
-65.200000000000003,-92.689999999999998,3316.000000000000000,0.740000000000000,M12,2695-1,"Cib spp, cib",NaN,nan,NaN,NaN,NaN,NaN,ANT XII/4
-65.140000000000001,34.229999999999997,1539.000000000000000,0.580000000000000,M12,1815-2,"Cib spp, cib",NaN,nan,NaN,NaN,NaN,NaN,ANT VIII/6
-65.129999999999995,1.240000000000000,2976.000000000000000,0.300000000000000,M12,1584-2,"Cib spp, cib",NaN,nan,NaN,NaN,NaN,NaN,ANT VI/3
-65.069999999999993,-66.980000000000004,199.000000000000000,0.650000000000000,M12,1558-1,"Cib spp, cib",NaN,nan,NaN,NaN,NaN,NaN,ANT VI/2
-65.069999999999993,-27.800000000000001,4913.000000000000000,0.730000000000000,M12,1363-3,"Cib spp, cib",NaN,nan,NaN,NaN,NaN,NaN,ANT IV/3
-65.000000000000000,-42.030000000000001,4671.000000000000000,0.830000000000000,M12,1509-2,"Cib spp, cib",NaN,nan,NaN,NaN,NaN,NaN,ANT V/4
-64.959999999999994,33.630000000000003,2220.000000000000000,0.610000000000000,M12,1813-1,"Cib spp, cib",NaN,nan,NaN,NaN,NaN,NaN,ANT VIII/6
-64.810000000000002,-93.579999999999998,4208.000000000000000,0.630000000000000,M12,2694-1,"Cib spp, cib",NaN,nan,NaN,NaN,NaN,NaN,ANT XII/4
-64.780000000000001,-67.609999999999999,345.000000000000000,0.070000000000000,M12,1559-1,"Cib spp, cib",NaN,nan,NaN,NaN,NaN,NaN,ANT VI/2
-64.609999999999999,-68.010000000000005,830.000000000000000,0.460000000000000,M12,1560-1,"Cib spp, cib",NaN,nan,NaN,NaN,NaN,NaN,ANT VI/2
-64.549999999999997,5.450000000000000,3596.000000000000000,0.130000000000000,M12,1451-1,"Cib spp, cib",NaN,nan,NaN,NaN,NaN,NaN,ANT IV/4
-64.519999999999996,3.120000000000000,2079.000000000000000,0.300000000000000,M12,1585-1,"Cib spp, cib",NaN,nan,NaN,NaN,NaN,NaN,ANT VI/3
-64.469999999999999,-68.280000000000001,2804.000000000000000,-0.170000000000000,M12,1563-1,"Cib spp, cib",NaN,nan,NaN,NaN,NaN,NaN,ANT VI/2
-64.189999999999998,-63.070000000000000,485.000000000000000,-0.440000000000000,M12,1553-1,"Cib spp, cib",NaN,nan,NaN,NaN,NaN,NaN,ANT VI/2
-64.180000000000007,-68.980000000000004,3253.000000000000000,0.180000000000000,M12,1564-1,"Cib spp, cib",NaN,nan,NaN,NaN,NaN,NaN,ANT VI/2
-64.109999999999999,-65.269999999999996,515.000000000000000,-0.420000000000000,M12,1556-1,"Cib spp, cib",NaN,nan,NaN,NaN,NaN,NaN,ANT VI/2
-63.960000000000001,-44.070000000000000,4419.000000000000000,0.910000000000000,M12,1167-5,"Cib spp, cib",NaN,nan,NaN,NaN,NaN,NaN,ANT II/3
-63.899999999999999,-69.500000000000000,3416.000000000000000,0.390000000000000,M12,1565-3,"Cib spp, cib",NaN,nan,NaN,NaN,NaN,NaN,ANT VI/2
-63.899999999999999,4.000000000000000,3994.000000000000000,0.410000000000000,M12,1460-1,"Cib spp, cib",NaN,nan,NaN,NaN,NaN,NaN,ANT IV/4
-63.789999999999999,-42.539999999999999,4521.000000000000000,0.780000000000000,M12,1572-1,"Cib spp, cib",NaN,nan,NaN,NaN,NaN,NaN,ANT VI/3
-63.630000000000003,-24.050000000000001,4771.000000000000000,0.830000000000000,M12,1507-2,"Cib spp, cib",NaN,nan,NaN,NaN,NaN,NaN,ANT V/4
-63.539999999999999,-45.560000000000002,3072.000000000000000,0.560000000000000,M12,1174-2,"Cib spp, cib",NaN,nan,NaN,NaN,NaN,NaN,ANT II/3
-63.530000000000001,-44.500000000000000,3747.000000000000000,0.840000000000000,M12,1170-4,"Cib spp, cib",NaN,nan,NaN,NaN,NaN,NaN,ANT II/3
-63.520000000000003,-61.789999999999999,1392.000000000000000,0.170000000000000,M12,1141-2,"Cib spp, cib",NaN,nan,NaN,NaN,NaN,NaN,ANT II/3
-63.460000000000001,-44.590000000000003,3789.000000000000000,0.790000000000000,M12,1169-1,"Cib spp, cib",NaN,nan,NaN,NaN,NaN,NaN,ANT II/3
-63.460000000000001,-42.810000000000002,3993.000000000000000,1.040000000000000,M12,1573-2,"Cib spp, cib",NaN,nan,NaN,NaN,NaN,NaN,ANT VI/3
-63.270000000000003,-63.719999999999999,322.000000000000000,-0.320000000000000,M12,1552-1,"Cib spp, cib",NaN,nan,NaN,NaN,NaN,NaN,ANT VI/2
-63.240000000000002,-56.850000000000001,137.000000000000000,1.140000000000000,M12,1547-1,"Cib spp, cib",NaN,nan,NaN,NaN,NaN,NaN,ANT VI/2
-63.229999999999997,-61.630000000000003,880.000000000000000,0.690000000000000,M12,1333-2,"Cib spp, cib",NaN,nan,NaN,NaN,NaN,NaN,ANT IV/2
-63.200000000000003,-60.890000000000001,731.000000000000000,0.160000000000000,M12,1337-1,"Cib spp, cib",NaN,nan,NaN,NaN,NaN,NaN,ANT IV/2
-63.189999999999998,-43.039999999999999,3720.000000000000000,0.620000000000000,M12,1574-1,"Cib spp, cib",NaN,nan,NaN,NaN,NaN,NaN,ANT VI/3
-62.990000000000002,-57.930000000000000,860.000000000000000,0.940000000000000,M12,2521-1,"Cib spp, cib",NaN,nan,NaN,NaN,NaN,NaN,ANT XI/3
-62.990000000000002,-57.000000000000000,67.000000000000000,1.230000000000000,M12,1546-2,"Cib spp, cib",NaN,nan,NaN,NaN,NaN,NaN,ANT VI/2
-62.960000000000001,7.770000000000000,5305.000000000000000,0.460000000000000,M12,2579-4,"Cib spp, cib",NaN,nan,NaN,NaN,NaN,NaN,ANT XI/4
-62.890000000000001,-60.079999999999998,1058.000000000000000,0.210000000000000,M12,1338-1,"Cib spp, cib",NaN,nan,NaN,NaN,NaN,NaN,ANT IV/2
-62.859999999999999,-43.329999999999998,3455.000000000000000,0.810000000000000,M12,1575-2,"Cib spp, cib",NaN,nan,NaN,NaN,NaN,NaN,ANT VI/3
-62.850000000000001,-115.079999999999998,5087.000000000000000,0.410000000000000,M12,269-4,"Cib spp, cib",NaN,nan,NaN,NaN,NaN,NaN,ANT XVIII/5a
-62.719999999999999,-56.299999999999997,321.000000000000000,0.430000000000000,M12,1355-4,"Cib spp, cib",NaN,nan,NaN,NaN,NaN,NaN,ANT IV/2
-62.320000000000000,-43.750000000000000,1122.000000000000000,-0.140000000000000,M12,1576-1,"Cib spp, cib",NaN,nan,NaN,NaN,NaN,NaN,ANT VI/3
-62.200000000000003,-54.439999999999998,814.000000000000000,0.490000000000000,M12,1181-2,"Cib spp, cib",NaN,nan,NaN,NaN,NaN,NaN,ANT II/3
-62.180000000000000,-45.930000000000000,1617.000000000000000,0.000000000000000,M12,1176-3,"Cib spp, cib",NaN,nan,NaN,NaN,NaN,NaN,ANT II/3
-62.130000000000003,-53.890000000000001,826.000000000000000,0.730000000000000,M12,1353-4,"Cib spp, cib",NaN,nan,NaN,NaN,NaN,NaN,ANT IV/2
-62.119999999999997,-63.270000000000003,4354.000000000000000,0.370000000000000,M12,1551-1,"Cib spp, cib",NaN,nan,NaN,NaN,NaN,NaN,ANT VI/2
-62.109999999999999,-58.430000000000000,363.000000000000000,0.360000000000000,M12,1144-2,"Cib spp, cib",NaN,nan,NaN,NaN,NaN,NaN,ANT II/3
-62.079999999999998,-57.649999999999999,280.000000000000000,0.760000000000000,M12,1544-1,"Cib spp, cib",NaN,nan,NaN,NaN,NaN,NaN,ANT VI/2
-62.049999999999997,-50.689999999999998,3387.000000000000000,0.770000000000000,M12,1180-4,"Cib spp, cib",NaN,nan,NaN,NaN,NaN,NaN,ANT II/3
-61.979999999999997,-55.869999999999997,1812.000000000000000,0.100000000000000,M12,1537-2,"Cib spp, cib",NaN,nan,NaN,NaN,NaN,NaN,ANT VI/2
-61.939999999999998,-44.009999999999998,842.000000000000000,-0.300000000000000,M12,1577-2,"Cib spp, cib",NaN,nan,NaN,NaN,NaN,NaN,ANT VI/3
-61.740000000000002,-57.899999999999999,296.000000000000000,0.980000000000000,M12,1540-1,"Cib spp, cib",NaN,nan,NaN,NaN,NaN,NaN,ANT VI/2
-61.409999999999997,-46.979999999999997,486.000000000000000,-0.310000000000000,M12,1178-4,"Cib spp, cib",NaN,nan,NaN,NaN,NaN,NaN,ANT II/3
-61.280000000000001,-58.159999999999997,2380.000000000000000,0.050000000000000,M12,1542-1,"Cib spp, cib",NaN,nan,NaN,NaN,NaN,NaN,ANT VI/2
-61.229999999999997,-54.909999999999997,64.000000000000000,0.810000000000000,M12,1148-1,"Cib spp, cib",NaN,nan,NaN,NaN,NaN,NaN,ANT II/3
-60.920000000000002,-57.090000000000003,3305.000000000000000,0.750000000000000,M12,1190-1,"Cib spp, cib",NaN,nan,NaN,NaN,NaN,NaN,ANT II/3
-60.799999999999997,-58.609999999999999,4479.000000000000000,0.280000000000000,M12,1543-1,"Cib spp, cib",NaN,nan,NaN,NaN,NaN,NaN,ANT VI/2
-60.770000000000003,-24.079999999999998,3016.000000000000000,0.640000000000000,M12,2285-3,"Cib spp, cib",NaN,nan,NaN,NaN,NaN,NaN,ANT X/5
-60.600000000000001,-51.640000000000001,3332.000000000000000,-0.060000000000000,M12,1149-1,"Cib spp, cib",NaN,nan,NaN,NaN,NaN,NaN,ANT II/3
-60.560000000000002,3.960000000000000,5373.000000000000000,0.630000000000000,M12,2072-2,"Cib spp, cib",NaN,nan,NaN,NaN,NaN,NaN,ANT IX/3
-60.329999999999998,-58.920000000000002,3574.000000000000000,-0.040000000000000,M12,1569-1,"Cib spp, cib",NaN,nan,NaN,NaN,NaN,NaN,ANT VI/2
-60.000000000000000,-35.840000000000003,1979.000000000000000,0.610000000000000,M12,2306-1,"Cib spp, cib",NaN,nan,NaN,NaN,NaN,NaN,ANT X/5
-59.930000000000000,-46.100000000000001,4671.000000000000000,0.230000000000000,M12,2328-1,"Cib spp, cib",NaN,nan,NaN,NaN,NaN,NaN,ANT X/5
-59.829999999999998,-39.710000000000001,1666.000000000000000,-0.030000000000000,M12,2312-1,"Cib spp, cib",NaN,nan,NaN,NaN,NaN,NaN,ANT X/5
-59.740000000000002,-23.280000000000001,4696.000000000000000,0.170000000000000,M12,2283-6,"Cib spp, cib",NaN,nan,NaN,NaN,NaN,NaN,ANT X/5
-59.469999999999999,-3.210000000000000,5063.000000000000000,0.550000000000000,M12,2575-4,"Cib spp, cib",NaN,nan,NaN,NaN,NaN,NaN,ANT XI/4
-58.219999999999999,-94.579999999999998,3916.000000000000000,0.530000000000000,M12,2676-1,"Cib spp, cib",NaN,nan,NaN,NaN,NaN,NaN,ANT XII/4
-57.590000000000003,-52.920000000000002,4288.000000000000000,0.140000000000000,M12,2335-3,"Cib spp, cib",NaN,nan,NaN,NaN,NaN,NaN,ANT X/5
-57.530000000000001,-27.460000000000001,3146.000000000000000,-0.020000000000000,M12,2292-1,"Cib spp, cib",NaN,nan,NaN,NaN,NaN,NaN,ANT X/5
-57.509999999999998,-30.239999999999998,3378.000000000000000,0.410000000000000,M12,2299-1,"Cib spp, cib",NaN,nan,NaN,NaN,NaN,NaN,ANT X/5
-56.890000000000001,-113.569999999999993,3896.000000000000000,0.270000000000000,M12,276-1,"Cib spp, cib",NaN,nan,NaN,NaN,NaN,NaN,ANT XVIII/5a
-55.969999999999999,-22.250000000000000,4414.000000000000000,0.400000000000000,M12,2278-5,"Cib spp, cib",NaN,nan,NaN,NaN,NaN,NaN,ANT X/5
-55.460000000000001,1.170000000000000,4136.000000000000000,0.600000000000000,M12,1772-6,"Cib spp, cib",NaN,nan,NaN,NaN,NaN,NaN,ANT VIII/3
-55.329999999999998,-30.399999999999999,2888.000000000000000,-0.020000000000000,M12,2511-1,"Cib spp, cib",NaN,nan,NaN,NaN,NaN,NaN,ANT XI/2
-55.189999999999998,-18.600000000000001,5016.000000000000000,-0.220000000000000,M12,1782-6,"Cib spp, cib",NaN,nan,NaN,NaN,NaN,NaN,ANT VIII/3
-54.920000000000002,3.290000000000000,2446.000000000000000,0.170000000000000,M12,1649-1,"Cib spp, cib",NaN,nan,NaN,NaN,NaN,NaN,ANT VI/3
-54.649999999999999,-2.870000000000000,2449.000000000000000,0.070000000000000,M12,1774-1,"Cib spp, cib",NaN,nan,NaN,NaN,NaN,NaN,ANT VIII/3
-54.530000000000001,2.900000000000000,1020.000000000000000,-0.070000000000000,M12,2097-1,"Cib spp, cib",NaN,nan,NaN,NaN,NaN,NaN,ANT IX/4
-54.310000000000002,3.230000000000000,486.000000000000000,0.520000000000000,M12,2095-1,"Cib spp, cib",NaN,nan,NaN,NaN,NaN,NaN,ANT IX/4
-54.020000000000003,11.100000000000000,3570.000000000000000,0.630000000000000,M12,1442-1,"Cib spp, cib",NaN,nan,NaN,NaN,NaN,NaN,ANT IV/4
-53.969999999999999,-48.090000000000003,4028.000000000000000,0.250000000000000,M12,2517-5,"Cib spp, cib",NaN,nan,NaN,NaN,NaN,NaN,ANT XI/2
-53.710000000000001,-43.009999999999998,2563.000000000000000,0.540000000000000,M12,2513-1,"Cib spp, cib",NaN,nan,NaN,NaN,NaN,NaN,ANT XI/2
-53.670000000000002,-43.770000000000003,2542.000000000000000,0.460000000000000,M12,2514-3,"Cib spp, cib",NaN,nan,NaN,NaN,NaN,NaN,ANT XI/2
-53.539999999999999,-45.289999999999999,3471.000000000000000,0.140000000000000,M12,2515-2,"Cib spp, cib",NaN,nan,NaN,NaN,NaN,NaN,ANT XI/2
-53.250000000000000,-51.460000000000001,2362.000000000000000,0.820000000000000,M12,2518-2,"Cib spp, cib",NaN,nan,NaN,NaN,NaN,NaN,ANT XI/2
-53.240000000000002,40.869999999999997,2538.000000000000000,0.520000000000000,M12,2606-3,"Cib spp, cib",NaN,nan,NaN,NaN,NaN,NaN,ANT XI/4
-53.219999999999999,-59.100000000000001,596.000000000000000,0.870000000000000,M12,2519-1,"Cib spp, cib",NaN,nan,NaN,NaN,NaN,NaN,ANT XI/2
-53.140000000000001,-61.579999999999998,482.000000000000000,1.600000000000000,M12,2520-1,"Cib spp, cib",NaN,nan,NaN,NaN,NaN,NaN,ANT XI/2
-53.079999999999998,-3.320000000000000,2388.000000000000000,-0.320000000000000,M12,2102-1,"Cib spp, cib",NaN,nan,NaN,NaN,NaN,NaN,ANT IX/4
-52.590000000000003,4.470000000000000,3298.000000000000000,0.160000000000000,M12,1768-1,"Cib spp, cib",NaN,nan,NaN,NaN,NaN,NaN,ANT VIII/3
-52.210000000000001,9.490000000000000,3202.000000000000000,0.420000000000000,M12,1653-2,"Cib spp, cib",NaN,nan,NaN,NaN,NaN,NaN,ANT VI/3
-51.979999999999997,15.029999999999999,2314.000000000000000,-0.190000000000000,M12,1436-1,"Cib spp, cib",NaN,nan,NaN,NaN,NaN,NaN,ANT IV/4
-51.829999999999998,4.860000000000000,3749.000000000000000,0.080000000000000,M12,1765-1,"Cib spp, cib",NaN,nan,NaN,NaN,NaN,NaN,ANT VIII/3
-51.670000000000002,-26.530000000000001,3394.000000000000000,0.550000000000000,M12,2508-1,"Cib spp, cib",NaN,nan,NaN,NaN,NaN,NaN,ANT XI/2
-51.530000000000001,-31.370000000000001,3642.000000000000000,0.390000000000000,M12,2271-1,"Cib spp, cib",NaN,nan,NaN,NaN,NaN,NaN,ANT X/5
-51.500000000000000,41.600000000000001,3113.000000000000000,0.440000000000000,M12,2609-2,"Cib spp, cib",NaN,nan,NaN,NaN,NaN,NaN,ANT XI/4
-51.409999999999997,-25.699999999999999,2990.000000000000000,0.820000000000000,M12,2506-1,"Cib spp, cib",NaN,nan,NaN,NaN,NaN,NaN,ANT XI/2
-51.369999999999997,-26.199999999999999,3275.000000000000000,0.470000000000000,M12,2507-1,"Cib spp, cib",NaN,nan,NaN,NaN,NaN,NaN,ANT XI/2
-50.950000000000003,-7.500000000000000,2516.000000000000000,0.350000000000000,M12,1775-5,"Cib spp, cib",NaN,nan,NaN,NaN,NaN,NaN,ANT VIII/3
-50.869999999999997,5.710000000000000,3874.000000000000000,0.260000000000000,M12,1764-2,"Cib spp, cib",NaN,nan,NaN,NaN,NaN,NaN,ANT VIII/3
-50.750000000000000,-24.320000000000000,4473.000000000000000,0.750000000000000,M12,2503-1,"Cib spp, cib",NaN,nan,NaN,NaN,NaN,NaN,ANT XI/2
-50.149999999999999,5.760000000000000,3717.000000000000000,0.040000000000000,M12,1759-1,"Cib spp, cib",NaN,nan,NaN,NaN,NaN,NaN,ANT VIII/3
-49.729999999999997,-34.350000000000001,5131.000000000000000,0.610000000000000,M12,2268-6,"Cib spp, cib",NaN,nan,NaN,NaN,NaN,NaN,ANT X/5
-49.729999999999997,-8.770000000000000,3161.000000000000000,0.200000000000000,M12,1776-6,"Cib spp, cib",NaN,nan,NaN,NaN,NaN,NaN,ANT VIII/3
-49.130000000000003,6.710000000000000,3451.000000000000000,0.230000000000000,M12,2087-1,"Cib spp, cib",NaN,nan,NaN,NaN,NaN,NaN,ANT IX/4
-49.009999999999998,-12.699999999999999,3361.000000000000000,0.780000000000000,M12,1778-1,"Cib spp, cib",NaN,nan,NaN,NaN,NaN,NaN,ANT VIII/3
-48.909999999999997,-57.880000000000003,569.000000000000000,1.830000000000000,M12,2723-2,"Cib spp, cib",NaN,nan,NaN,NaN,NaN,NaN,M29/1
-48.899999999999999,6.730000000000000,3803.000000000000000,0.160000000000000,M12,1756-6,"Cib spp, cib",NaN,nan,NaN,NaN,NaN,NaN,ANT VIII/3
-48.689999999999998,-2.850000000000000,3618.000000000000000,-0.550000000000000,M12,2105-2,"Cib spp, cib",NaN,nan,NaN,NaN,NaN,NaN,ANT IX/4
-48.390000000000001,-56.930000000000000,1405.000000000000000,0.820000000000000,M12,2726-3,"Cib spp, cib",NaN,nan,NaN,NaN,NaN,NaN,M29/1
-48.320000000000000,7.760000000000000,649.000000000000000,0.920000000000000,M12,2086-3,"Cib spp, cib",NaN,nan,NaN,NaN,NaN,NaN,ANT IX/4
-48.119999999999997,-56.359999999999999,2488.000000000000000,0.850000000000000,M12,2725-2,"Cib spp, cib",NaN,nan,NaN,NaN,NaN,NaN,M29/1
-48.009999999999998,-56.539999999999999,2819.000000000000000,0.470000000000000,M12,2727-1,"Cib spp, cib",NaN,nan,NaN,NaN,NaN,NaN,M29/1
-47.960000000000001,-56.180000000000000,4799.000000000000000,0.410000000000000,M12,2724-7,"Cib spp, cib",NaN,nan,NaN,NaN,NaN,NaN,M29/1
-47.789999999999999,7.100000000000000,4263.000000000000000,0.410000000000000,M12,1755-1,"Cib spp, cib",NaN,nan,NaN,NaN,NaN,NaN,ANT VIII/3
-47.619999999999997,-15.420000000000000,3336.000000000000000,0.260000000000000,M12,2500-7,"Cib spp, cib",NaN,nan,NaN,NaN,NaN,NaN,ANT XI/2
-47.439999999999998,-60.090000000000003,684.000000000000000,1.090000000000000,M12,2719-2,"Cib spp, cib",NaN,nan,NaN,NaN,NaN,NaN,M29/1
-47.329999999999998,-58.619999999999997,2383.000000000000000,0.920000000000000,M12,2722-2,"Cib spp, cib",NaN,nan,NaN,NaN,NaN,NaN,M29/1
-47.310000000000002,-58.969999999999999,2991.000000000000000,0.320000000000000,M12,2718-1,"Cib spp, cib",NaN,nan,NaN,NaN,NaN,NaN,M29/1
-47.159999999999997,-56.490000000000002,4495.000000000000000,0.560000000000000,M12,2717-8,"Cib spp, cib",NaN,nan,NaN,NaN,NaN,NaN,M29/1
-47.030000000000001,7.960000000000000,1664.000000000000000,0.350000000000000,M12,2084-2,"Cib spp, cib",NaN,nan,NaN,NaN,NaN,NaN,ANT IX/4
-46.770000000000003,7.590000000000000,2476.000000000000000,0.210000000000000,M12,1754-2,"Cib spp, cib",NaN,nan,NaN,NaN,NaN,NaN,ANT VIII/3
-46.509999999999998,-15.330000000000000,3176.000000000000000,0.800000000000000,M12,2499-1,"Cib spp, cib",NaN,nan,NaN,NaN,NaN,NaN,ANT XI/2
-46.369999999999997,7.040000000000000,1955.000000000000000,0.530000000000000,M12,2083-1,"Cib spp, cib",NaN,nan,NaN,NaN,NaN,NaN,ANT IX/4
-45.850000000000001,-56.810000000000002,4964.000000000000000,0.670000000000000,M12,2251-1,"Cib spp, cib",NaN,nan,NaN,NaN,NaN,NaN,ANT X/5
-45.619999999999997,9.609999999999999,4507.000000000000000,0.290000000000000,M12,1752-5,"Cib spp, cib",NaN,nan,NaN,NaN,NaN,NaN,ANT VIII/3
-45.100000000000001,-57.939999999999998,3215.000000000000000,0.530000000000000,M12,2250-6,"Cib spp, cib",NaN,nan,NaN,NaN,NaN,NaN,ANT X/5
-44.960000000000001,-5.970000000000000,4323.000000000000000,0.620000000000000,M12,2491-4,"Cib spp, cib",NaN,nan,NaN,NaN,NaN,NaN,ANT XI/2
-44.549999999999997,34.780000000000001,3525.000000000000000,0.230000000000000,M12,2563-1,"Cib spp, cib",NaN,nan,NaN,NaN,NaN,NaN,ANT XI/4
-44.500000000000000,10.480000000000000,4770.000000000000000,0.390000000000000,M12,1751-2,"Cib spp, cib",NaN,nan,NaN,NaN,NaN,NaN,ANT VIII/3
-44.210000000000001,-51.420000000000002,5691.000000000000000,0.760000000000000,M12,2731-1,"Cib spp, cib",NaN,nan,NaN,NaN,NaN,NaN,M29/1
-43.990000000000002,-56.969999999999999,4643.000000000000000,0.550000000000000,M12,2729-1,"Cib spp, cib",NaN,nan,NaN,NaN,NaN,NaN,M29/1
-43.899999999999999,-57.659999999999997,3277.000000000000000,0.000000000000000,M12,2715-1,"Cib spp, cib",NaN,nan,NaN,NaN,NaN,NaN,M29/1
-43.869999999999997,-58.000000000000000,2361.000000000000000,0.200000000000000,M12,2714-5,"Cib spp, cib",NaN,nan,NaN,NaN,NaN,NaN,M29/1
-43.670000000000002,-59.329999999999998,1228.000000000000000,0.940000000000000,M12,2712-2,"Cib spp, cib",NaN,nan,NaN,NaN,NaN,NaN,M29/1
-43.640000000000001,-59.439999999999998,755.000000000000000,-0.210000000000000,M12,2711-2,"Cib spp, cib",NaN,nan,NaN,NaN,NaN,NaN,M29/1
-43.180000000000000,31.579999999999998,5194.000000000000000,-0.630000000000000,M12,2562-1,"Cib spp, cib",NaN,nan,NaN,NaN,NaN,NaN,ANT XI/4
-43.170000000000002,-4.050000000000000,4197.000000000000000,0.630000000000000,M12,2492-1,"Cib spp, cib",NaN,nan,NaN,NaN,NaN,NaN,ANT XI/2
-42.890000000000001,-6.020000000000000,4174.000000000000000,0.430000000000000,M12,2493-3,"Cib spp, cib",NaN,nan,NaN,NaN,NaN,NaN,ANT XI/2
-42.880000000000003,8.970000000000002,3795.000000000000000,0.590000000000000,M12,2489-4,"Cib spp, cib",NaN,nan,NaN,NaN,NaN,NaN,ANT XI/2
-42.689999999999998,12.180000000000000,4753.000000000000000,-0.240000000000000,M12,1750-7,"Cib spp, cib",NaN,nan,NaN,NaN,NaN,NaN,ANT VIII/3
-42.689999999999998,12.190000000000000,4794.000000000000000,-0.020000000000000,M12,2081-1,"Cib spp, cib",NaN,nan,NaN,NaN,NaN,NaN,ANT IX/4
-42.369999999999997,-55.539999999999999,4740.000000000000000,0.350000000000000,M12,2706-6,"Cib spp, cib",NaN,nan,NaN,NaN,NaN,NaN,M29/1
-41.939999999999998,-56.320000000000000,3167.000000000000000,0.790000000000000,M12,2707-4,"Cib spp, cib",NaN,nan,NaN,NaN,NaN,NaN,M29/1
-41.859999999999999,28.550000000000001,4471.000000000000000,0.270000000000000,M12,2561-1,"Cib spp, cib",NaN,nan,NaN,NaN,NaN,NaN,ANT XI/4
-41.850000000000001,0.090000000000000,912.000000000000000,1.230000000000000,M12,2106-1,"Cib spp, cib",NaN,nan,NaN,NaN,NaN,NaN,ANT IX/4
-41.539999999999999,-57.060000000000002,1078.000000000000000,1.110000000000000,M12,2709-7,"Cib spp, cib",NaN,nan,NaN,NaN,NaN,NaN,M29/1
-41.420000000000002,-57.299999999999997,396.000000000000000,1.230000000000000,M12,2708-6,"Cib spp, cib",NaN,nan,NaN,NaN,NaN,NaN,M29/1
-41.399999999999999,13.109999999999999,3012.000000000000000,0.980000000000000,M12,2079-2,"Cib spp, cib",NaN,nan,NaN,NaN,NaN,NaN,ANT IX/4
-41.130000000000003,13.480000000000000,2086.000000000000000,0.230000000000000,M12,2076-1,"Cib spp, cib",NaN,nan,NaN,NaN,NaN,NaN,ANT IX/4
-40.810000000000002,13.730000000000000,3129.000000000000000,0.390000000000000,M12,2075-3,"Cib spp, cib",NaN,nan,NaN,NaN,NaN,NaN,ANT IX/4
-40.539999999999999,25.570000000000000,2644.000000000000000,0.490000000000000,M12,2560-3,"Cib spp, cib",NaN,nan,NaN,NaN,NaN,NaN,ANT XI/4
-39.289999999999999,-54.340000000000003,2295.000000000000000,-0.020000000000000,M12,2734-2,"Cib spp, cib",NaN,nan,NaN,NaN,NaN,NaN,M29/1
-39.240000000000002,-53.359999999999999,4501.000000000000000,-0.160000000000000,M12,2705-7,"Cib spp, cib",NaN,nan,NaN,NaN,NaN,NaN,M29/1
-38.930000000000000,-53.930000000000000,3244.000000000000000,0.680000000000000,M12,2704-1,"Cib spp, cib",NaN,nan,NaN,NaN,NaN,NaN,M29/1
-38.509999999999998,-54.200000000000003,1187.000000000000000,1.150000000000000,M12,2703-7,"Cib spp, cib",NaN,nan,NaN,NaN,NaN,NaN,M29/1
-38.490000000000002,23.670000000000002,5262.000000000000000,-0.380000000000000,M12,2558-1,"Cib spp, cib",NaN,nan,NaN,NaN,NaN,NaN,ANT XI/4
-37.810000000000002,-55.020000000000003,588.000000000000000,1.250000000000000,M12,2701-3,"Cib spp, cib",NaN,nan,NaN,NaN,NaN,NaN,M29/1
-35.820000000000000,18.100000000000001,2942.000000000000000,0.650000000000000,M12,2487-2,"Cib spp, cib",NaN,nan,NaN,NaN,NaN,NaN,ANT XI/2
-45.990000000000002,-177.990000000000009,2830.000000000000000,0.470000000000000,C6K,Q208,"Cib.w, wuellerstorfi, CW","2.2098",3.116200000000000,"Winn, Kyaw (2013)",811792.txt,S_site_Q208_AR,doi:10.1594/PANGAEA.811792,NaN
-44.149999999999999,-14.230000000000000,3783.000000000000000,0.191000000000000,C6K,PS2498_1,"Cib spp, cib","1.65",2.635000000000000,"Mackensen, A et al. (2001)",065925.txt,S_site_PS2498_1_AR,"doi:10.1594/PANGAEA.65925,",NaN
-43.520000000000003,79.870000000000005,3193.000000000000000,0.430000000000000,C6K,RC11_120,"Cib spp, cib","2.9",2.676700000000000,"Curry, WB et al. (1988)",052303.txt,S_site_RC11_120_AR,"doi:10.1594/PANGAEA.52303,",NaN
-43.490000000000002,51.189999999999998,3262.000000000000000,0.268460000000000,C6K,MD84_527,"Cib spp, cib","3.1692",2.942300000000000,"Curry, WB et al. (1988)",052302.txt,S_site_MD84_527_AR,"doi:10.1594/PANGAEA.52302,",NaN
-42.920000000000002,8.900000000000000,3701.000000000000000,0.200000000000000,C6K,ODP1090_TTN057_6,kullenbergi,"3.2075",2.702500000000000,David A. Hodell,o1090-t6-tab.txt,S_site_ODP1090_TTN057_6,NaN,NaN
-42.920000000000002,8.900000000000000,3701.000000000000000,0.201250000000000,C6K,ODP1090_TTN057_6,"Cib.w, wuellerstorfi, CW","3.2075",2.702500000000000,David A. Hodell,o1090-t6-tab.txt,S_site_ODP1090_TTN057_6,NaN,NaN
-42.899999999999999,8.900000000000000,3751.000000000000000,0.176250000000000,C6K,TN057_6,"Cib spp, cib","2.9167",2.708800000000000,David A. Hodell,tn057-6-tab.txt,S_site_TN057_6_AR,NaN,NaN
-41.280000000000001,-14.490000000000000,3134.000000000000000,0.665000000000000,C6K,PS2495_3,"Cib spp, cib","3",2.420000000000000,"Mackensen, A et al. (2001)",065923.txt,S_site_PS2495_3_AR,"doi:10.1594/PANGAEA.65923,",NaN
-41.140000000000001,13.560000000000000,2082.000000000000000,0.500000000000000,C6K,ODP1088B,"Cib spp, cib","4.6",3.380000000000000,David A. Hodell,1088hod3-tab.txt,S_site_ODP1088B,NaN,NaN
-36.920000000000002,177.430000000000007,2045.000000000000000,0.380000000000000,C6K,H214,"Cib spp, cib","2.8683",2.606700000000000,Catherine R. Samson,h214-tab.txt,S_site_H214,NaN,NaN
-32.740000000000002,-72.329999999999998,2463.000000000000000,-0.300000000000000,C6K,GIK17747_2,"Cib.w, wuellerstorfi, CW","4.1909",3.263700000000000,"Winn, Kyaw (2013)",815877.txt,S_site_GIK17747_2,see_info_in_citation,NaN
-32.740000000000002,-72.329999999999998,2464.000000000000000,0.240000000000000,C6K,GIK17747_1,"Cib.w, wuellerstorfi, CW","1.1491",2.943300000000000,"Winn, Kyaw (2013)",815874.txt,S_site_GIK17747_1,see_info_in_citation,NaN
-16.020000000000000,177.689999999999998,3410.000000000000000,0.330000000000000,C6K,SO35_2_272KL,"Cib.w, wuellerstorfi, CW","5.395",2.525000000000000,"Winn, K (2013)",806902.txt,S_site_SO35_2_272KL_AR,"doi:10.1594/PANGAEA.806902,",NaN
-14.390000000000001,177.139999999999986,2890.000000000000000,0.210000000000000,C6K,SO35_2_211KL,"Cib.w, wuellerstorfi, CW","2.7403",3.626700000000000,"Winn, Kyaw (2013)",806899.txt,S_site_SO35_2_211KL_AR,doi:10.1594/PANGAEA.806899,NaN
-71.150000000000006,-119.920000000000002,2096.000000000000000,0.430000000000000,C10,PS2547_3,"Cib.w, wuellerstorfi, CW",NaN,4.030000000000000,"Hillenbrand, C-D et al. (2002)",052718.txt,S_site_PS2547_3_AR,"doi:10.1594/PANGAEA.52718,",NaN
-68.750000000000000,-5.870000000000000,2405.000000000000000,0.640000000000000,C10,PS1506_2,"Cib spp, cib",NaN,3.390000000000000,"Mackensen, Andreas, Hubberten, Hans-Wolfgang, Bickert, Torsten, Fischer, Gerhard, Ftterer, Dieter K (1993)",052605.txt,S_site_PS1506_2,doi:10.1594/PANGAEA.52605,NaN
-68.730000000000004,-5.850000000000000,2426.000000000000000,0.580000000000000,C10,PS1506_1,"Cib spp, cib",NaN,3.400000000000000,"Mackensen, A et al. (1994)",050031.txt,S_site_PS1506_1_AR,"doi:10.1594/PANGAEA.50031,",NaN
-55.460000000000001,1.170000000000000,4140.000000000000000,0.450000000000000,C10,PS1772_6,"Cib spp, cib",NaN,3.100000000000000,"Mackensen, Andreas, Hubberten, Hans-Wolfgang, Bickert, Torsten, Fischer, Gerhard, Ftterer, Dieter K (1993)",052605.txt,S_site_PS1772_6,doi:10.1594/PANGAEA.52605,NaN
-55.189999999999998,-18.600000000000001,5131.000000000000000,-0.220000000000000,C10,PS1782_6,unassigned,NaN,2.830000000000000,"Mackensen, Andreas, Hubberten, Hans-Wolfgang, Bickert, Torsten, Fischer, Gerhard, Ftterer, Dieter K (1993)",052605.txt,S_site_PS1782_6,doi:10.1594/PANGAEA.52605,NaN
-54.560000000000002,2.680000000000000,2006.000000000000000,0.110000000000000,C10,PS2099_1,unassigned,NaN,2.890000000000000,"Mackensen, Andreas, Hubberten, Hans-Wolfgang, Bickert, Torsten, Fischer, Gerhard, Ftterer, Dieter K (1993)",052605.txt,S_site_PS2099_1,doi:10.1594/PANGAEA.52605,NaN
-54.530000000000001,2.900000000000000,1020.000000000000000,-0.100000000000000,C10,PS2097_1,"Cib spp, cib",NaN,2.720000000000000,"Mackensen, Andreas, Hubberten, Hans-Wolfgang, Bickert, Torsten, Fischer, Gerhard, Ftterer, Dieter K (1993)",052605.txt,S_site_PS2097_1,doi:10.1594/PANGAEA.52605,NaN
-54.530000000000001,2.900000000000000,1020.000000000000000,-0.100000000000000,C10,PS2097_1,unassigned,NaN,2.720000000000000,"Mackensen, Andreas, Hubberten, Hans-Wolfgang, Bickert, Torsten, Fischer, Gerhard, Ftterer, Dieter K (1993)",052605.txt,S_site_PS2097_1,doi:10.1594/PANGAEA.52605,NaN
-54.509999999999998,3.020000000000000,502.000000000000000,-0.030000000000000,C10,PS2096_1,unassigned,NaN,2.810000000000000,"Mackensen, Andreas, Hubberten, Hans-Wolfgang, Bickert, Torsten, Fischer, Gerhard, Ftterer, Dieter K (1993)",052605.txt,S_site_PS2096_1,doi:10.1594/PANGAEA.52605,NaN
-53.640000000000001,3.840000000000000,2089.000000000000000,-0.150000000000000,C10,PS1651_2,unassigned,NaN,2.890000000000000,"Mackensen, Andreas, Hubberten, Hans-Wolfgang, Bickert, Torsten, Fischer, Gerhard, Ftterer, Dieter K (1993)",052605.txt,S_site_PS1651_2,doi:10.1594/PANGAEA.52605,NaN
-53.090000000000003,72.129999999999995,950.000000000000000,0.440000000000000,C10,MD84_560,unassigned,NaN,2.905000000000000,Laurent Labeyrie,md84-560-tab.txt,S_site_MD84_560,NaN,NaN
-53.079999999999998,-5.000000000000000,2388.000000000000000,-0.240000000000000,C10,PS2102_1,"Cib spp, cib",NaN,2.845000000000000,"Mackensen, Andreas, Hubberten, Hans-Wolfgang, Bickert, Torsten, Fischer, Gerhard, Ftterer, Dieter K (1993)",052605.txt,S_site_PS2102_1,doi:10.1594/PANGAEA.52605,NaN
-52.590000000000003,4.470000000000000,3331.000000000000000,0.050000000000000,C10,PS1768_1,"Cib spp, cib",NaN,2.830000000000000,"Mackensen, Andreas, Hubberten, Hans-Wolfgang, Bickert, Torsten, Fischer, Gerhard, Ftterer, Dieter K (1993)",052605.txt,S_site_PS1768_1_AR,doi:10.1594/PANGAEA.52605,NaN
-51.329999999999998,-3.320000000000000,2947.000000000000000,-0.080000000000000,C10,PS2103_2,unassigned,NaN,2.985000000000000,"Mackensen, Andreas, Hubberten, Hans-Wolfgang, Bickert, Torsten, Fischer, Gerhard, Ftterer, Dieter K (1993)",052605.txt,S_site_PS2103_2,doi:10.1594/PANGAEA.52605,NaN
-50.869999999999997,5.710000000000000,3936.000000000000000,0.186670000000000,C10,PS1764_2,unassigned,NaN,2.983300000000000,"Mackensen, Andreas, Hubberten, Hans-Wolfgang, Bickert, Torsten, Fischer, Gerhard, Ftterer, Dieter K (1993)",052605.txt,S_site_PS1764_2,doi:10.1594/PANGAEA.52605,NaN
-50.869999999999997,5.710000000000000,3936.000000000000000,0.186670000000000,C10,PS1764_2,unassigned,NaN,2.983300000000000,"Mackensen, Andreas, Hubberten, Hans-Wolfgang, Bickert, Torsten, Fischer, Gerhard, Ftterer, Dieter K (1993)",052605.txt,S_site_PS1764_2,doi:10.1594/PANGAEA.52605,NaN
-50.740000000000002,-3.210000000000000,2592.000000000000000,0.530000000000000,C10,PS2104_1,"Cib.w, wuellerstorfi, CW",NaN,2.720000000000000,"Mackensen, Andreas, Hubberten, Hans-Wolfgang, Bickert, Torsten, Fischer, Gerhard, Ftterer, Dieter K (1993)",052605.txt,S_site_PS2104_1,doi:10.1594/PANGAEA.52605,NaN
-50.170000000000002,5.760000000000000,3793.000000000000000,0.160000000000000,C10,PS1759_1,"Cib spp, cib",NaN,2.710000000000000,"Mackensen, Andreas, Hubberten, Hans-Wolfgang, Bickert, Torsten, Fischer, Gerhard, Ftterer, Dieter K (1993)",052605.txt,S_site_PS1759_1,doi:10.1594/PANGAEA.52605,NaN
-50.159999999999997,5.770000000000000,3763.000000000000000,0.060000000000000,C10,PS1654_1,"Cib spp, cib",NaN,2.760000000000000,"Mackensen, Andreas, Hubberten, Hans-Wolfgang, Bickert, Torsten, Fischer, Gerhard, Ftterer, Dieter K (1993)",052605.txt,S_site_PS1654_1,doi:10.1594/PANGAEA.52605,NaN
-48.899999999999999,6.730000000000000,3832.000000000000000,0.160000000000000,C10,PS1756_6,"Cib spp, cib",NaN,3.030000000000000,"Mackensen, Andreas, Hubberten, Hans-Wolfgang, Bickert, Torsten, Fischer, Gerhard, Ftterer, Dieter K (1993)",052605.txt,S_site_PS1756_6_AR,doi:10.1594/PANGAEA.52605,NaN
-47.750000000000000,8.000000000000000,2982.000000000000000,0.440000000000000,C10,PS2085_1,unassigned,NaN,2.920000000000000,"Mackensen, Andreas, Hubberten, Hans-Wolfgang, Bickert, Torsten, Fischer, Gerhard, Ftterer, Dieter K (1993)",052605.txt,S_site_PS2085_1,doi:10.1594/PANGAEA.52605,NaN
-46.020000000000003,96.459999999999994,3290.000000000000000,0.170000000000000,C10,MD88_770,"Cib.w, wuellerstorfi, CW",NaN,3.480000000000000,"Labeyrie, LD et al. (1996)",052728.txt,S_site_MD88_770,"doi:10.1594/PANGAEA.52728,",NaN
-43.649999999999999,51.250000000000000,3284.000000000000000,0.220000000000000,C10,MD73_025,unassigned,NaN,2.925000000000000,Jean-Claude Duplessy,md73-025-tab.txt,S_site_MD73_025,NaN,NaN
-43.220100000000002,11.738300000000001,4610.000000000000000,0.166670000000000,C10,PS2082_1,"Cib spp, cib",NaN,2.796700000000000,"Mackensen, A et al. (1994)",050113.txt,S_site_PS2082_1_AR,"doi:10.1594/PANGAEA.50113,",NaN
-43.219999999999999,11.760000000000000,4611.000000000000000,0.310000000000000,C10,PS2082_3,"Cib spp, cib",NaN,2.800000000000000,"Mackensen, Andreas, Hubberten, Hans-Wolfgang, Bickert, Torsten, Fischer, Gerhard, Ftterer, Dieter K (1993)",052605.txt,S_site_PS2082_3,doi:10.1594/PANGAEA.52605,NaN
-42.700000000000003,12.180000000000000,4709.000000000000000,-0.315000000000000,C10,PS1750_7,unassigned,NaN,2.645000000000000,"Mackensen, Andreas, Hubberten, Hans-Wolfgang, Bickert, Torsten, Fischer, Gerhard, Ftterer, Dieter K (1993)",052605.txt,S_site_PS1750_7,doi:10.1594/PANGAEA.52605,NaN
-42.700000000000003,12.180000000000000,4709.000000000000000,-0.315000000000000,C10,PS1750_7,"Cib spp, cib",NaN,2.645000000000000,"Mackensen, Andreas, Hubberten, Hans-Wolfgang, Bickert, Torsten, Fischer, Gerhard, Ftterer, Dieter K (1993)",052605.txt,S_site_PS1750_7,doi:10.1594/PANGAEA.52605,NaN
-41.850000000000001,0.090000000000000,912.000000000000000,1.297500000000000,C10,PS2106_1,unassigned,NaN,3.322500000000000,"Mackensen, Andreas, Hubberten, Hans-Wolfgang, Bickert, Torsten, Fischer, Gerhard, Ftterer, Dieter K (1993)",052605.txt,S_site_PS2106_1,doi:10.1594/PANGAEA.52605,NaN
-41.850000000000001,0.090000000000000,912.000000000000000,1.297500000000000,C10,PS2106_1,"Cib spp, cib",NaN,3.322500000000000,"Mackensen, Andreas, Hubberten, Hans-Wolfgang, Bickert, Torsten, Fischer, Gerhard, Ftterer, Dieter K (1993)",052605.txt,S_site_PS2106_1,doi:10.1594/PANGAEA.52605,NaN
-41.719999999999999,13.050000000000001,5078.000000000000000,0.470000000000000,C10,PS2080_1,unassigned,NaN,2.740000000000000,"Mackensen, Andreas, Hubberten, Hans-Wolfgang, Bickert, Torsten, Fischer, Gerhard, Ftterer, Dieter K (1993)",052605.txt,S_site_PS2080_1,doi:10.1594/PANGAEA.52605,NaN
-41.140000000000001,13.480000000000000,2086.000000000000000,0.370000000000000,C10,PS2076_1,unassigned,NaN,3.532500000000000,"Mackensen, Andreas, Hubberten, Hans-Wolfgang, Bickert, Torsten, Fischer, Gerhard, Ftterer, Dieter K (1993)",052605.txt,S_site_PS2076_1,doi:10.1594/PANGAEA.52605,NaN
-41.140000000000001,13.480000000000000,2086.000000000000000,0.365000000000000,C10,PS2076_1,unassigned,NaN,3.532500000000000,"Mackensen, Andreas, Hubberten, Hans-Wolfgang, Bickert, Torsten, Fischer, Gerhard, Ftterer, Dieter K (1993)",052605.txt,S_site_PS2076_1,doi:10.1594/PANGAEA.52605,NaN
-41.140000000000001,13.480000000000000,2086.000000000000000,0.365000000000000,C10,PS2076_1,"Cib spp, cib",NaN,3.532500000000000,"Mackensen, Andreas, Hubberten, Hans-Wolfgang, Bickert, Torsten, Fischer, Gerhard, Ftterer, Dieter K (1993)",052605.txt,S_site_PS2076_1,doi:10.1594/PANGAEA.52605,NaN
-39.840000000000003,1.030000000000000,4920.000000000000000,0.100000000000000,C10,PS2108_1,"Cib spp, cib",NaN,3.060000000000000,"Mackensen, Andreas, Hubberten, Hans-Wolfgang, Bickert, Torsten, Fischer, Gerhard, Ftterer, Dieter K (1993)",052605.txt,S_site_PS2108_1,doi:10.1594/PANGAEA.52605,NaN
-39.590000000000003,14.570000000000000,4692.000000000000000,-0.090000000000000,C10,PS2073_1,unassigned,NaN,3.640000000000000,"Mackensen, Andreas, Hubberten, Hans-Wolfgang, Bickert, Torsten, Fischer, Gerhard, Ftterer, Dieter K (1993)",052605.txt,S_site_PS2073_1,doi:10.1594/PANGAEA.52605,NaN
-35.000000000000000,3.170000000000000,5035.000000000000000,0.250000000000000,C10,PS2109_3,"Cib spp, cib",NaN,2.870000000000000,"Mackensen, Andreas, Hubberten, Hans-Wolfgang, Bickert, Torsten, Fischer, Gerhard, Ftterer, Dieter K (1993)",052605.txt,S_site_PS2109_3,doi:10.1594/PANGAEA.52605,NaN
-14.500000000000000,177.090000000000003,3010.000000000000000,0.310000000000000,C10,SO35_2_182KL,kullenbergi,"9.8",3.020000000000000,"Winn, Kyaw (2013)",806897.txt,S_site_SO35_2_182KL_AR,doi:10.1594/PANGAEA.806897,NaN
-56.680000000000000,160.240000000000009,3912.000000000000000,0.160000000000000,Bos,SO136-111,"Cib.w, wuellerstorfi, CW",NaN,3.590000000000000,NaN,NaN,NaN,NaN,NaN
-53.630000000000003,169.870000000000005,799.000000000000000,1.280000000000000,Bos,B32,"Cib.w, wuellerstorfi, CW",NaN,2.640000000000000,NaN,NaN,NaN,NaN,NaN
-53.329999999999998,169.240000000000009,602.000000000000000,1.880000000000000,Bos,SO136-61,"Cib spp, cib",NaN,2.480000000000000,NaN,NaN,NaN,NaN,NaN
-51.719999999999999,167.830000000000013,629.000000000000000,1.750000000000000,Bos,D178,"Cib.w, wuellerstorfi, CW",NaN,2.440000000000000,NaN,NaN,NaN,NaN,NaN
-51.700000000000003,171.520000000000010,519.000000000000000,1.570000000000000,Bos,F137,"Cib.w, wuellerstorfi, CW",NaN,2.390000000000000,NaN,NaN,NaN,NaN,NaN
-50.630000000000003,169.379999999999995,585.000000000000000,1.720000000000000,Bos,MD97-2109,"Cib.w, wuellerstorfi, CW",NaN,2.560000000000000,NaN,NaN,NaN,NaN,NaN
-50.600000000000001,171.389999999999986,529.000000000000000,1.230000000000000,Bos,D206,"Cib.w, wuellerstorfi, CW",NaN,2.240000000000000,NaN,NaN,NaN,NaN,NaN
-50.520000000000003,174.319999999999993,1026.000000000000000,1.050000000000000,Bos,F149,"Cib.w, wuellerstorfi, CW",NaN,2.270000000000000,NaN,NaN,NaN,NaN,NaN
-49.780000000000001,168.930000000000007,649.000000000000000,1.820000000000000,Bos,D84,"Cib.w, wuellerstorfi, CW",NaN,2.770000000000000,NaN,NaN,NaN,NaN,NaN
-48.950000000000003,174.979999999999990,704.000000000000000,1.380000000000000,Bos,F111,"Cib.w, wuellerstorfi, CW",NaN,2.220000000000000,NaN,NaN,NaN,NaN,NaN
-48.670000000000002,170.810000000000002,801.000000000000000,1.350000000000000,Bos,F104,"Cib.w, wuellerstorfi, CW",NaN,2.240000000000000,NaN,NaN,NaN,NaN,NaN
-48.500000000000000,149.520000000000010,2155.000000000000000,0.740000000000000,Bos,MD97-2108,"Cib.w, wuellerstorfi, CW",NaN,3.230000000000000,NaN,NaN,NaN,NaN,NaN
-47.840000000000003,146.550000000000011,2260.000000000000000,0.520000000000000,Bos,MD88-779,"Cib.w, wuellerstorfi, CW",NaN,3.310000000000000,NaN,NaN,NaN,NaN,NaN
-47.719999999999999,145.800000000000011,2950.000000000000000,0.320000000000000,Bos,MD97-2107,"Cib.w, wuellerstorfi, CW",NaN,3.610000000000000,NaN,NaN,NaN,NaN,NaN
-47.439999999999998,133.009999999999991,3945.000000000000000,0.390000000000000,Bos,E39_43,"Cib spp, cib",NaN,3.610000000000000,NaN,NaN,NaN,NaN,NaN
-47.039999999999999,174.080000000000013,1429.000000000000000,0.620000000000000,Bos,H564,"Cib.w, wuellerstorfi, CW",NaN,2.840000000000000,NaN,NaN,NaN,NaN,NaN
-47.000000000000000,149.520000000000010,3208.000000000000000,0.610000000000000,Bos,SO136-155,"Cib.w, wuellerstorfi, CW",NaN,3.220000000000000,NaN,NaN,NaN,NaN,NaN
-47.000000000000000,166.060000000000002,1648.000000000000000,1.800000000000000,Bos,TAN0803-09,"Cib spp, cib",NaN,2.980000000000000,NaN,NaN,NaN,NaN,NaN
-46.770000000000003,166.919999999999987,743.000000000000000,1.680000000000000,Bos,TAN1106-07,"Cib spp, cib",NaN,1.790000000000000,NaN,NaN,NaN,NaN,NaN
-46.579999999999998,-177.409999999999997,4432.000000000000000,0.420000000000000,Bos,"181-1122C-1H-1,0-2","Cib.w, wuellerstorfi, CW",NaN,3.060000000000000,NaN,NaN,NaN,NaN,NaN
-46.549999999999997,149.080000000000013,3682.000000000000000,0.230000000000000,Bos,SO136-162,"Cib.w, wuellerstorfi, CW",NaN,3.290000000000000,NaN,NaN,NaN,NaN,NaN
-46.469999999999999,175.069999999999993,1936.000000000000000,1.270000000000000,Bos,Q217,"Cib.w, wuellerstorfi, CW",NaN,5.440000000000000,NaN,NaN,NaN,NaN,NaN
-46.210000000000001,179.000000000000000,3166.000000000000000,0.370000000000000,Bos,W152,"Cib.w, wuellerstorfi, CW",NaN,3.690000000000000,NaN,NaN,NaN,NaN,NaN
-46.149999999999999,177.189999999999998,2424.000000000000000,0.660000000000000,Bos,H559,"Cib.w, wuellerstorfi, CW",NaN,2.730000000000000,NaN,NaN,NaN,NaN,NaN
-46.149999999999999,177.189999999999998,2500.000000000000000,0.440000000000000,Bos,H559,"Cib.w, wuellerstorfi, CW",NaN,2.700000000000000,NaN,NaN,NaN,NaN,NaN
-46.079999999999998,176.490000000000009,2125.000000000000000,0.510000000000000,Bos,Q206,"Cib.w, wuellerstorfi, CW",NaN,2.750000000000000,NaN,NaN,NaN,NaN,NaN
-46.049999999999997,174.590000000000003,1733.000000000000000,0.530000000000000,Bos,H567,"Cib.w, wuellerstorfi, CW",NaN,3.230000000000000,NaN,NaN,NaN,NaN,NaN
-45.960000000000001,175.060000000000002,1668.000000000000000,0.490000000000000,Bos,Q203,"Cib.w, wuellerstorfi, CW",NaN,2.740000000000000,NaN,NaN,NaN,NaN,NaN
-45.950000000000003,147.509999999999991,3236.000000000000000,0.710000000000000,Bos,SO136-163,"Cib.w, wuellerstorfi, CW",NaN,3.090000000000000,NaN,NaN,NaN,NaN,NaN
-45.869999999999997,175.479999999999990,1650.000000000000000,0.570000000000000,Bos,H562,"Cib.w, wuellerstorfi, CW",NaN,2.810000000000000,NaN,NaN,NaN,NaN,NaN
-45.770000000000003,176.599999999999994,2066.000000000000000,0.530000000000000,Bos,SO213-82-1,"Cib.w, wuellerstorfi, CW",NaN,3.530000000000000,NaN,NaN,NaN,NaN,NaN
-45.659999999999997,172.020000000000010,1370.000000000000000,0.720000000000000,Bos,Q200,"Cib.w, wuellerstorfi, CW",NaN,2.620000000000000,NaN,NaN,NaN,NaN,NaN
-45.460000000000001,178.020000000000010,2700.000000000000000,0.420000000000000,Bos,J1042,"Cib.w, wuellerstorfi, CW",NaN,2.890000000000000,NaN,NaN,NaN,NaN,NaN
-45.390000000000001,177.990000000000009,2632.000000000000000,0.430000000000000,Bos,Q215,"Cib.w, wuellerstorfi, CW",NaN,2.810000000000000,NaN,NaN,NaN,NaN,NaN
-45.340000000000003,172.689999999999998,1462.000000000000000,0.620000000000000,Bos,H534,"Cib.w, wuellerstorfi, CW",NaN,2.930000000000000,NaN,NaN,NaN,NaN,NaN
-45.329999999999998,-174.080000000000013,4680.000000000000000,0.140000000000000,Bos,Q575,"Cib.w, wuellerstorfi, CW",NaN,3.650000000000000,NaN,NaN,NaN,NaN,NaN
-45.310000000000002,177.159999999999997,2250.000000000000000,0.440000000000000,Bos,H560,"Cib.w, wuellerstorfi, CW",NaN,2.880000000000000,NaN,NaN,NaN,NaN,NaN
-45.310000000000002,147.919999999999987,4068.000000000000000,-0.150000000000000,Bos,SO136-164,"Cib.w, wuellerstorfi, CW",NaN,3.680000000000000,NaN,NaN,NaN,NaN,NaN
-45.149999999999999,146.289999999999992,3310.000000000000000,0.260000000000000,Bos,MD97-2106,"Cib.w, wuellerstorfi, CW",NaN,3.020000000000000,NaN,NaN,NaN,NaN,NaN
-45.119999999999997,174.569999999999993,972.000000000000000,1.210000000000000,Bos,SO213-84-1,"Cib.w, wuellerstorfi, CW",NaN,2.420000000000000,NaN,NaN,NaN,NaN,NaN
-45.100000000000001,147.740000000000009,4002.000000000000000,0.290000000000000,Bos,RS95-GC34,"Cib spp, cib",NaN,3.010000000000000,NaN,NaN,NaN,NaN,NaN
-45.030000000000001,177.060000000000002,1860.000000000000000,0.630000000000000,Bos,Q216,"Cib.w, wuellerstorfi, CW",NaN,3.120000000000000,NaN,NaN,NaN,NaN,NaN
-44.899999999999999,172.900000000000006,1240.000000000000000,0.920000000000000,Bos,E427,"Cib.w, wuellerstorfi, CW",NaN,2.650000000000000,NaN,NaN,NaN,NaN,NaN
-44.780000000000001,172.800000000000011,1130.000000000000000,0.960000000000000,Bos,E426,"Cib.w, wuellerstorfi, CW",NaN,2.550000000000000,NaN,NaN,NaN,NaN,NaN
-44.759999999999998,172.389999999999986,393.000000000000000,1.920000000000000,Bos,"181-1119A-1H-1,0-2","Cib.w, wuellerstorfi, CW",NaN,1.520000000000000,NaN,NaN,NaN,NaN,NaN
-44.729999999999997,172.729999999999990,721.000000000000000,1.750000000000000,Bos,E425,"Cib.w, wuellerstorfi, CW",NaN,3.130000000000000,NaN,NaN,NaN,NaN,NaN
-44.689999999999998,179.069999999999993,1841.000000000000000,0.770000000000000,Bos,W272,"Cib.w, wuellerstorfi, CW",NaN,2.740000000000000,NaN,NaN,NaN,NaN,NaN
-44.670000000000002,172.629999999999995,293.000000000000000,1.740000000000000,Bos,E424,"Cib.w, wuellerstorfi, CW",NaN,1.890000000000000,NaN,NaN,NaN,NaN,NaN
-44.570000000000000,173.150000000000006,511.000000000000000,1.940000000000000,Bos,G664,"Cib.w, wuellerstorfi, CW",NaN,1.820000000000000,NaN,NaN,NaN,NaN,NaN
-44.409999999999997,173.060000000000002,165.000000000000000,1.670000000000000,Bos,H362,"Cib.w, wuellerstorfi, CW",NaN,1.430000000000000,NaN,NaN,NaN,NaN,NaN
-44.250000000000000,149.979999999999990,2667.000000000000000,0.570000000000000,Bos,FRG94-003,"Cib.w, wuellerstorfi, CW",NaN,3.380000000000000,NaN,NaN,NaN,NaN,NaN
-44.130000000000003,178.000000000000000,1080.000000000000000,1.190000000000000,Bos,Q213,"Cib.w, wuellerstorfi, CW",NaN,3.040000000000000,NaN,NaN,NaN,NaN,NaN
-44.000000000000000,177.419999999999987,715.000000000000000,1.720000000000000,Bos,E75,"Cib.w, wuellerstorfi, CW",NaN,1.920000000000000,NaN,NaN,NaN,NaN,NaN
-43.869999999999997,-175.330000000000013,623.000000000000000,1.580000000000000,Bos,C618,"Cib.w, wuellerstorfi, CW",NaN,2.400000000000000,NaN,NaN,NaN,NaN,NaN
-43.829999999999998,-175.669999999999987,232.000000000000000,1.210000000000000,Bos,G56,"Cib.w, wuellerstorfi, CW",NaN,2.340000000000000,NaN,NaN,NaN,NaN,NaN
-43.670000000000002,-174.780000000000001,752.000000000000000,1.730000000000000,Bos,C620,"Cib.w, wuellerstorfi, CW",NaN,1.990000000000000,NaN,NaN,NaN,NaN,NaN
-43.579999999999998,174.000000000000000,215.000000000000000,1.790000000000000,Bos,H427,"Cib.w, wuellerstorfi, CW",NaN,1.700000000000000,NaN,NaN,NaN,NaN,NaN
-43.579999999999998,174.000000000000000,215.000000000000000,1.860000000000000,Bos,H427,"Cib.w, wuellerstorfi, CW",NaN,1.520000000000000,NaN,NaN,NaN,NaN,NaN
-43.500000000000000,174.000000000000000,366.000000000000000,2.080000000000000,Bos,E48,"Cib.w, wuellerstorfi, CW",NaN,1.800000000000000,NaN,NaN,NaN,NaN,NaN
-43.450000000000003,167.900000000000006,1477.000000000000000,0.810000000000000,Bos,MD06-2986,"Cib.w, wuellerstorfi, CW",NaN,2.670000000000000,NaN,NaN,NaN,NaN,NaN
-43.439999999999998,167.849999999999994,1556.000000000000000,0.630000000000000,Bos,SO136-011,"Cib.w, wuellerstorfi, CW",NaN,2.730000000000000,NaN,NaN,NaN,NaN,NaN
-43.250000000000000,174.479999999999990,574.000000000000000,1.840000000000000,Bos,E435,"Cib.w, wuellerstorfi, CW",NaN,2.920000000000000,NaN,NaN,NaN,NaN,NaN
-43.250000000000000,178.669999999999987,480.000000000000000,1.290000000000000,Bos,D117,"Cib.w, wuellerstorfi, CW",NaN,2.100000000000000,NaN,NaN,NaN,NaN,NaN
-43.200000000000003,-174.000000000000000,1128.000000000000000,0.850000000000000,Bos,R623,"Cib.w, wuellerstorfi, CW",NaN,3.310000000000000,NaN,NaN,NaN,NaN,NaN
-43.020000000000003,175.569999999999993,285.000000000000000,1.820000000000000,Bos,F756,"Cib.w, wuellerstorfi, CW",NaN,2.730000000000000,NaN,NaN,NaN,NaN,NaN
-43.000000000000000,174.500000000000000,854.000000000000000,1.420000000000000,Bos,F755,"Cib.w, wuellerstorfi, CW",NaN,2.280000000000000,NaN,NaN,NaN,NaN,NaN
-42.850000000000001,178.979999999999990,980.000000000000000,0.800000000000000,Bos,W268,"Cib.w, wuellerstorfi, CW",NaN,3.480000000000000,NaN,NaN,NaN,NaN,NaN
-42.829999999999998,174.169999999999987,1646.000000000000000,0.110000000000000,Bos,E93,"Cib.w, wuellerstorfi, CW",NaN,1.370000000000000,NaN,NaN,NaN,NaN,NaN
-42.799999999999997,174.530000000000001,1324.000000000000000,0.480000000000000,Bos,F754,"Cib.w, wuellerstorfi, CW",NaN,2.400000000000000,NaN,NaN,NaN,NaN,NaN
-42.719999999999999,176.909999999999997,850.000000000000000,1.570000000000000,Bos,U951,"Cib.w, wuellerstorfi, CW",NaN,2.190000000000000,NaN,NaN,NaN,NaN,NaN
-42.670000000000002,178.669999999999987,1637.000000000000000,0.770000000000000,Bos,D115,"Cib.w, wuellerstorfi, CW",NaN,2.680000000000000,NaN,NaN,NaN,NaN,NaN
-42.549999999999997,176.389999999999986,1625.000000000000000,0.150000000000000,Bos,F761,"Cib.w, wuellerstorfi, CW",NaN,2.960000000000000,NaN,NaN,NaN,NaN,NaN
-42.549999999999997,-178.169999999999987,1365.000000000000000,0.680000000000000,Bos,"181-1125A-1H-1,0-2","Cib.w, wuellerstorfi, CW",NaN,2.860000000000000,NaN,NaN,NaN,NaN,NaN
-42.530000000000001,-178.490000000000009,1408.000000000000000,0.110000000000000,Bos,CHAT 16K/R657,"Cib spp, cib",NaN,2.810000000000000,NaN,NaN,NaN,NaN,NaN
-42.530000000000001,-178.490000000000009,1408.000000000000000,0.930000000000000,Bos,R657,"Cib.w, wuellerstorfi, CW",NaN,2.610000000000000,NaN,NaN,NaN,NaN,NaN
-42.340000000000003,-171.500000000000000,2030.000000000000000,0.490000000000000,Bos,S925,"Cib.w, wuellerstorfi, CW",NaN,2.960000000000000,NaN,NaN,NaN,NaN,NaN
-42.130000000000003,169.879999999999995,958.000000000000000,1.060000000000000,Bos,SO136-003,"Cib.w, wuellerstorfi, CW",NaN,2.230000000000000,NaN,NaN,NaN,NaN,NaN
-41.789999999999999,-171.500000000000000,3290.000000000000000,0.340000000000000,Bos,"181-1123B-1H-1,0-2","Cib.w, wuellerstorfi, CW",NaN,2.760000000000000,NaN,NaN,NaN,NaN,NaN
-41.579999999999998,-171.500000000000000,3550.000000000000000,0.550000000000000,Bos,S924,"Cib.w, wuellerstorfi, CW",NaN,2.740000000000000,NaN,NaN,NaN,NaN,NaN
-39.939999999999998,-178.500000000000000,3654.000000000000000,0.380000000000000,Bos,Q859,"Cib.w, wuellerstorfi, CW",NaN,2.230000000000000,NaN,NaN,NaN,NaN,NaN
-39.460000000000001,-176.409999999999997,4096.000000000000000,0.520000000000000,Bos,S931,"Cib.w, wuellerstorfi, CW",NaN,2.820000000000000,NaN,NaN,NaN,NaN,NaN
-38.469999999999999,140.169999999999987,2525.000000000000000,0.550000000000000,Bos,RS67-GC13,"Cib spp, cib",NaN,2.460000000000000,NaN,NaN,NaN,NaN,NaN
-33.979999999999997,152.000000000000000,2007.000000000000000,0.580000000000000,Bos,112GC10,"Cib spp, cib",NaN,2.890000000000000,NaN,NaN,NaN,NaN,NaN
-33.950000000000003,151.919999999999987,1467.000000000000000,0.710000000000000,Bos,112GC9,"Cib spp, cib",NaN,3.040000000000000,NaN,NaN,NaN,NaN,NaN
-46.880000000000003,7.420000000000000,2532.000000000000000,0.580000000000000,Mar,ODP 704,"Cib spp, cib",NaN,nan,NaN,NaN,NaN,NaN,NaN
-46.770000000000003,7.610000000000000,2519.000000000000000,0.590000000000000,Mar,PS1754 1,"Cib spp, cib",NaN,nan,NaN,NaN,NaN,NaN,NaN
-46.140000000000001,35.899999999999999,3034.000000000000000,0.490000000000000,Mar,PS2564 3,"Cib spp, cib",NaN,nan,NaN,NaN,NaN,NaN,NaN
-41.259999999999998,25.149999999999999,2660.000000000000000,0.500000000000000,Mar,MD02 2589,"Cib.w, wuellerstorfi, CW",NaN,3.700000000000000,NaN,NaN,NaN,NaN,NaN
-34.729999999999997,17.329999999999998,2440.000000000000000,0.740000000000000,Mar,MD02 2594,"Cib.w, wuellerstorfi, CW",NaN,3.420000000000000,NaN,NaN,NaN,NaN,NaN
-47.719999999999999,87.689999999999998,3615.000000000000000,-0.050000000000000,WM,MD12-3396CQ,kullenbergi,0-2k,3.090000000000000,NaN,NaN,NaN,NaN,NaN
-46.479999999999997,88.019999999999996,3420.000000000000000,0.230000000000000,WM,MD02-2488,kullenbergi,0-4k,2.880000000000000,NaN,NaN,NaN,NaN,NaN
-46.070000000000000,-75.689999999999998,1540.000000000000000,0.470000000000000,WM,MD07-3088,"Cib.w, wuellerstorfi, CW",0-2k,2.590000000000000,NaN,NaN,NaN,NaN,NaN
-46.070000000000000,-75.689999999999998,1540.000000000000000,-0.120000000000000,WM,MD07-3088,kullenbergi,0-2k,nan,NaN,NaN,NaN,NaN,NaN
-46.070000000000000,-75.689999999999998,1540.000000000000000,0.170000000000000,WM,MD07-3088,"pachyderma, C. pachyderma",0-2k,nan,NaN,NaN,NaN,NaN,NaN
-46.030000000000001,96.480000000000004,3250.000000000000000,0.130000000000000,WM,MD00-2374,"Cib spp, cib",0-4k,2.790000000000000,NaN,NaN,NaN,NaN,NaN
-46.020000000000003,96.450000000000003,3290.000000000000000,0.070000000000000,WM,MD88-770,"Cib spp, cib",0-4k,3.000000000000000,NaN,NaN,NaN,NaN,NaN
-44.689999999999998,80.390000000000001,3400.000000000000000,0.290000000000000,WM,MD12-3401CQ,kullenbergi,0-2k,2.950000000000000,NaN,NaN,NaN,NaN,NaN
-44.689999999999998,80.390000000000001,3400.000000000000000,0.670000000000000,WM,MD12-3401CQ,"Cib.w, wuellerstorfi, CW",0-2k,2.910000000000000,NaN,NaN,NaN,NaN,NaN
-44.000000000000000,-14.230000000000000,3770.000000000000000,0.010000000000000,WM,MD07-3076Q,kullenbergi,0-4k,2.760000000000000,NaN,NaN,NaN,NaN,NaN
-43.820000000000000,51.310000000000002,3270.000000000000000,0.310000000000000,WM,MD84-527,"Cib.w, wuellerstorfi, CW",0-2k,3.010000000000000,NaN,NaN,NaN,NaN,NaN
-43.500000000000000,79.769999999999996,3200.000000000000000,0.720000000000000,WM,MD97-2101,unassigned,0-4k,2.890000000000000,NaN,NaN,NaN,NaN,NaN
-41.600000000000001,-74.959999999999994,1610.000000000000000,0.350000000000000,WM,MD07-3100,"Cib.w, wuellerstorfi, CW",0-2k,2.650000000000000,NaN,NaN,NaN,NaN,NaN
-41.600000000000001,-74.959999999999994,1610.000000000000000,-0.230000000000000,WM,MD07-3100,kullenbergi,0-2k,2.660000000000000,NaN,NaN,NaN,NaN,NaN
-41.600000000000001,-74.959999999999994,1610.000000000000000,0.140000000000000,WM,MD07-3100,"pachyderma, C. pachyderma",0-2k,2.590000000000000,NaN,NaN,NaN,NaN,NaN
-41.600000000000001,-74.959999999999994,1610.000000000000000,-0.540000000000000,WM,MD07-3100,unassigned,0-2k,2.610000000000000,NaN,NaN,NaN,NaN,NaN
-33.530000000000001,166.530000000000001,2858.000000000000000,0.460000000000000,Sik,Z2112,"Cib.w, wuellerstorfi, CW",0-6k,2.560000000000000,NaN,NaN,NaN,NaN,NaN
-36.200000000000003,176.889999999999986,2541.000000000000000,0.487612000000000,Sik,125JPC,"Cib.w, wuellerstorfi, CW",0-6k,2.672276250000000,NaN,NaN,NaN,NaN,NaN
-36.740000000000002,176.639999999999986,1627.000000000000000,0.612607000000000,Sik,83TC,"Cib.w, wuellerstorfi, CW",0-6k,2.498396042000000,NaN,NaN,NaN,NaN,NaN
-36.930000000000000,177.439999999999998,2045.000000000000000,0.368000000000000,Sik,H214,"Cib.w, wuellerstorfi, CW",0-6k,2.598000000000000,NaN,NaN,NaN,NaN,NaN
-36.960000000000001,176.590000000000003,1165.000000000000000,0.971114000000000,Sik,79JPC,"Cib.w, wuellerstorfi, CW",0-6k,2.271445424000000,NaN,NaN,NaN,NaN,NaN
-37.259999999999998,176.639999999999986,663.000000000000000,1.457230000000000,Sik,87TC,"Cib spp, cib",0-6k,1.582656641000000,NaN,NaN,NaN,NaN,NaN
-39.880000000000003,177.669999999999987,3836.000000000000000,0.504624000000000,Sik,41JPC,"Cib.w, wuellerstorfi, CW",0-6k,2.773178333000000,NaN,NaN,NaN,NaN,NaN
-45.149999999999999,146.280000000000001,3300.000000000000000,0.469000000000000,Sik,RS147-GC07,"Cib.w, wuellerstorfi, CW",0-6k,3.208000000000000,NaN,NaN,NaN,NaN,NaN
